0 verbose cli /opt/homebrew/Cellar/node/23.11.0/bin/node /opt/homebrew/bin/npm
1 info using npm@10.9.2
2 info using node@v23.11.0
3 silly config load:file:/opt/homebrew/lib/node_modules/npm/npmrc
4 silly config load:file:/Users/theonesysetem/StudioProjects/invitation/.npmrc
5 silly config load:file:/Users/theonesysetem/.npmrc
6 verbose config error loading user config Error: EPERM: operation not permitted, open '/Users/theonesysetem/.npmrc'
6 verbose config     at async open (node:internal/fs/promises:634:25)
6 verbose config     at async readFile (node:internal/fs/promises:1238:14)
6 verbose config     at async #loadFile (/opt/homebrew/lib/node_modules/npm/node_modules/@npmcli/config/lib/index.js:589:5)
6 verbose config     at async Config.load (/opt/homebrew/lib/node_modules/npm/node_modules/@npmcli/config/lib/index.js:250:5)
6 verbose config     at async #load (/opt/homebrew/lib/node_modules/npm/lib/npm.js:98:5)
6 verbose config     at async Npm.load (/opt/homebrew/lib/node_modules/npm/lib/npm.js:80:14)
6 verbose config     at async module.exports (/opt/homebrew/lib/node_modules/npm/lib/cli/entry.js:42:37) {
6 verbose config   errno: -1,
6 verbose config   code: 'EPERM',
6 verbose config   syscall: 'open',
6 verbose config   path: '/Users/theonesysetem/.npmrc'
6 verbose config }
7 silly config load:file:/opt/homebrew/etc/npmrc
8 verbose title npm install
9 verbose argv "install"
10 verbose logfile logs-max:10 dir:/Users/theonesysetem/StudioProjects/invitation/.npm-cache/_logs/2026-07-26T09_48_35_751Z-
11 verbose logfile /Users/theonesysetem/StudioProjects/invitation/.npm-cache/_logs/2026-07-26T09_48_35_751Z-debug-0.log
12 silly logfile done cleaning log files
13 silly packumentCache heap:4345298944 maxSize:1086324736 maxEntrySize:543162368
14 silly idealTree buildDeps
15 silly fetch manifest framer-motion@^11.18.2
16 silly packumentCache full:https://registry.npmjs.org/framer-motion cache-miss
17 http fetch GET 200 https://registry.npmjs.org/npm 394ms
18 http fetch GET 200 https://registry.npmjs.org/framer-motion 364ms (cache miss)
19 silly packumentCache full:https://registry.npmjs.org/framer-motion set size:undefined disposed:false
20 silly fetch manifest @emotion/is-prop-valid@*
21 silly packumentCache full:https://registry.npmjs.org/@emotion%2fis-prop-valid cache-miss
22 http fetch GET 200 https://registry.npmjs.org/@emotion%2fis-prop-valid 528ms (cache miss)
23 silly packumentCache full:https://registry.npmjs.org/@emotion%2fis-prop-valid set size:undefined disposed:false
24 silly fetch manifest react@^19.1.0
25 silly packumentCache full:https://registry.npmjs.org/react cache-miss
26 http fetch GET 200 https://registry.npmjs.org/react 216ms (cache miss)
27 silly packumentCache full:https://registry.npmjs.org/react set size:undefined disposed:false
28 silly fetch manifest react-dom@^19.1.0
29 silly packumentCache full:https://registry.npmjs.org/react-dom cache-miss
30 http fetch GET 200 https://registry.npmjs.org/react-dom 237ms (cache miss)
31 silly packumentCache full:https://registry.npmjs.org/react-dom set size:undefined disposed:false
32 silly fetch manifest html-to-image@^1.11.13
33 silly packumentCache full:https://registry.npmjs.org/html-to-image cache-miss
34 http fetch GET 200 https://registry.npmjs.org/html-to-image 265ms (cache miss)
35 silly packumentCache full:https://registry.npmjs.org/html-to-image set size:undefined disposed:false
36 silly fetch manifest jspdf@^3.0.3
37 silly packumentCache full:https://registry.npmjs.org/jspdf cache-miss
38 http fetch GET 200 https://registry.npmjs.org/jspdf 51ms (cache miss)
39 silly packumentCache full:https://registry.npmjs.org/jspdf set size:undefined disposed:false
40 silly fetch manifest lucide-react@^0.542.0
41 silly packumentCache full:https://registry.npmjs.org/lucide-react cache-miss
42 http fetch GET 200 https://registry.npmjs.org/lucide-react 320ms (cache miss)
43 silly packumentCache full:https://registry.npmjs.org/lucide-react set size:undefined disposed:false
44 silly fetch manifest next@^15.4.6
45 silly packumentCache full:https://registry.npmjs.org/next cache-miss
46 http fetch GET 200 https://registry.npmjs.org/next 430ms (cache miss)
47 silly packumentCache full:https://registry.npmjs.org/next set size:undefined disposed:false
48 silly fetch manifest @opentelemetry/api@^1.1.0
49 silly packumentCache full:https://registry.npmjs.org/@opentelemetry%2fapi cache-miss
50 http fetch GET 200 https://registry.npmjs.org/@opentelemetry%2fapi 322ms (cache miss)
51 silly packumentCache full:https://registry.npmjs.org/@opentelemetry%2fapi set size:undefined disposed:false
52 silly fetch manifest @playwright/test@^1.51.1
53 silly packumentCache full:https://registry.npmjs.org/@playwright%2ftest cache-miss
54 http fetch GET 200 https://registry.npmjs.org/@playwright%2ftest 309ms (cache miss)
55 silly packumentCache full:https://registry.npmjs.org/@playwright%2ftest set size:undefined disposed:false
56 silly fetch manifest babel-plugin-react-compiler@*
57 silly packumentCache full:https://registry.npmjs.org/babel-plugin-react-compiler cache-miss
58 http fetch GET 200 https://registry.npmjs.org/babel-plugin-react-compiler 68ms (cache miss)
59 silly packumentCache full:https://registry.npmjs.org/babel-plugin-react-compiler set size:undefined disposed:false
60 silly fetch manifest sass@^1.3.0
61 silly packumentCache full:https://registry.npmjs.org/sass cache-miss
62 http fetch GET 200 https://registry.npmjs.org/sass 77ms (cache miss)
63 silly packumentCache full:https://registry.npmjs.org/sass set size:undefined disposed:false
64 silly fetch manifest qrcode@^1.5.4
65 silly packumentCache full:https://registry.npmjs.org/qrcode cache-miss
66 http fetch GET 200 https://registry.npmjs.org/qrcode 48ms (cache miss)
67 silly packumentCache full:https://registry.npmjs.org/qrcode set size:undefined disposed:false
68 silly fetch manifest @types/node@^24.2.0
69 silly packumentCache full:https://registry.npmjs.org/@types%2fnode cache-miss
70 http fetch GET 200 https://registry.npmjs.org/@types%2fnode 229ms (cache miss)
71 silly packumentCache full:https://registry.npmjs.org/@types%2fnode set size:undefined disposed:false
72 silly fetch manifest @types/react@^19.1.8
73 silly packumentCache full:https://registry.npmjs.org/@types%2freact cache-miss
74 http fetch GET 200 https://registry.npmjs.org/@types%2freact 124ms (cache miss)
75 silly packumentCache full:https://registry.npmjs.org/@types%2freact set size:undefined disposed:false
76 silly fetch manifest @types/react-dom@^19.1.6
77 silly packumentCache full:https://registry.npmjs.org/@types%2freact-dom cache-miss
78 http fetch GET 200 https://registry.npmjs.org/@types%2freact-dom 63ms (cache miss)
79 silly packumentCache full:https://registry.npmjs.org/@types%2freact-dom set size:undefined disposed:false
80 silly fetch manifest autoprefixer@^10.4.21
81 silly packumentCache full:https://registry.npmjs.org/autoprefixer cache-miss
82 http fetch GET 200 https://registry.npmjs.org/autoprefixer 73ms (cache miss)
83 silly packumentCache full:https://registry.npmjs.org/autoprefixer set size:undefined disposed:false
84 silly fetch manifest postcss@^8.5.6
85 silly packumentCache full:https://registry.npmjs.org/postcss cache-miss
86 http fetch GET 200 https://registry.npmjs.org/postcss 82ms (cache miss)
87 silly packumentCache full:https://registry.npmjs.org/postcss set size:undefined disposed:false
88 silly fetch manifest tailwindcss@^3.4.17
89 silly packumentCache full:https://registry.npmjs.org/tailwindcss cache-miss
90 http fetch GET 200 https://registry.npmjs.org/tailwindcss 237ms (cache miss)
91 silly packumentCache full:https://registry.npmjs.org/tailwindcss set size:undefined disposed:false
92 silly fetch manifest typescript@^5.9.2
93 silly packumentCache full:https://registry.npmjs.org/typescript cache-miss
94 http fetch GET 200 https://registry.npmjs.org/typescript 305ms (cache miss)
95 silly packumentCache full:https://registry.npmjs.org/typescript set size:undefined disposed:false
96 silly placeDep ROOT @types/node@24.13.3 OK for: eman-zeyad-invitation@1.0.0 want: ^24.2.0
97 silly placeDep ROOT @types/react@19.2.17 OK for: eman-zeyad-invitation@1.0.0 want: ^19.1.8
98 silly placeDep ROOT @types/react-dom@19.2.3 OK for: eman-zeyad-invitation@1.0.0 want: ^19.1.6
99 silly placeDep ROOT autoprefixer@10.5.4 OK for: eman-zeyad-invitation@1.0.0 want: ^10.4.21
100 silly placeDep ROOT postcss@8.5.23 OK for: autoprefixer@10.5.4 want: ^8.1.0
101 silly placeDep ROOT framer-motion@11.18.2 OK for: eman-zeyad-invitation@1.0.0 want: ^11.18.2
102 silly placeDep ROOT html-to-image@1.11.13 OK for: eman-zeyad-invitation@1.0.0 want: ^1.11.13
103 silly placeDep ROOT jspdf@3.0.4 OK for: eman-zeyad-invitation@1.0.0 want: ^3.0.3
104 silly placeDep ROOT lucide-react@0.542.0 OK for: eman-zeyad-invitation@1.0.0 want: ^0.542.0
105 silly placeDep ROOT react@19.2.8 OK for: lucide-react@0.542.0 want: ^16.5.1 || ^17.0.0 || ^18.0.0 || ^19.0.0
106 silly placeDep ROOT next@15.5.22 OK for: eman-zeyad-invitation@1.0.0 want: ^15.4.6
107 silly placeDep ROOT react-dom@19.2.8 OK for: next@15.5.22 want: ^18.2.0 || 19.0.0-rc-de68d2f4-20241204 || ^19.0.0
108 silly placeDep ROOT qrcode@1.5.4 OK for: eman-zeyad-invitation@1.0.0 want: ^1.5.4
109 silly placeDep ROOT tailwindcss@3.4.19 OK for: eman-zeyad-invitation@1.0.0 want: ^3.4.17
110 silly placeDep ROOT typescript@5.9.3 OK for: eman-zeyad-invitation@1.0.0 want: ^5.9.2
111 silly fetch manifest undici-types@~7.18.0
112 silly packumentCache full:https://registry.npmjs.org/undici-types cache-miss
113 silly fetch manifest csstype@^3.2.2
114 silly packumentCache full:https://registry.npmjs.org/csstype cache-miss
115 silly fetch manifest picocolors@^1.1.1
116 silly packumentCache full:https://registry.npmjs.org/picocolors cache-miss
117 silly fetch manifest fraction.js@^5.3.4
118 silly packumentCache full:https://registry.npmjs.org/fraction.js cache-miss
119 silly fetch manifest browserslist@^4.28.6
120 silly packumentCache full:https://registry.npmjs.org/browserslist cache-miss
121 silly fetch manifest caniuse-lite@^1.0.30001806
122 silly packumentCache full:https://registry.npmjs.org/caniuse-lite cache-miss
123 silly fetch manifest postcss-value-parser@^4.2.0
124 silly packumentCache full:https://registry.npmjs.org/postcss-value-parser cache-miss
125 http fetch GET 200 https://registry.npmjs.org/undici-types 47ms (cache miss)
126 silly packumentCache full:https://registry.npmjs.org/undici-types set size:undefined disposed:false
127 silly fetch manifest nanoid@^3.3.16
128 silly packumentCache full:https://registry.npmjs.org/nanoid cache-miss
129 http fetch GET 200 https://registry.npmjs.org/csstype 60ms (cache miss)
130 silly packumentCache full:https://registry.npmjs.org/csstype set size:undefined disposed:false
131 silly fetch manifest picocolors@^1.1.1
132 silly packumentCache full:https://registry.npmjs.org/picocolors cache-miss
133 http fetch GET 200 https://registry.npmjs.org/picocolors 48ms (cache miss)
134 silly packumentCache full:https://registry.npmjs.org/picocolors set size:undefined disposed:false
135 silly fetch manifest source-map-js@^1.2.1
136 silly packumentCache full:https://registry.npmjs.org/source-map-js cache-miss
137 http fetch GET 200 https://registry.npmjs.org/source-map-js 48ms (cache miss)
138 silly packumentCache full:https://registry.npmjs.org/source-map-js set size:undefined disposed:false
139 silly fetch manifest tslib@^2.4.0
140 silly packumentCache full:https://registry.npmjs.org/tslib cache-miss
141 http fetch GET 200 https://registry.npmjs.org/picocolors 171ms (cache miss)
142 silly packumentCache full:https://registry.npmjs.org/picocolors set size:undefined disposed:false
143 silly fetch manifest motion-dom@^11.18.1
144 silly packumentCache full:https://registry.npmjs.org/motion-dom cache-miss
145 http fetch GET 200 https://registry.npmjs.org/tslib 45ms (cache miss)
146 silly packumentCache full:https://registry.npmjs.org/tslib set size:undefined disposed:false
147 silly fetch manifest motion-utils@^11.18.1
148 silly packumentCache full:https://registry.npmjs.org/motion-utils cache-miss
149 http fetch GET 200 https://registry.npmjs.org/postcss-value-parser 213ms (cache miss)
150 silly packumentCache full:https://registry.npmjs.org/postcss-value-parser set size:undefined disposed:false
151 silly fetch manifest fflate@^0.8.1
152 silly packumentCache full:https://registry.npmjs.org/fflate cache-miss
153 http fetch GET 200 https://registry.npmjs.org/fraction.js 224ms (cache miss)
154 silly packumentCache full:https://registry.npmjs.org/fraction.js set size:undefined disposed:false
155 silly fetch manifest fast-png@^6.2.0
156 silly packumentCache full:https://registry.npmjs.org/fast-png cache-miss
157 http fetch GET 200 https://registry.npmjs.org/motion-dom 57ms (cache miss)
158 silly packumentCache full:https://registry.npmjs.org/motion-dom set size:undefined disposed:false
159 silly fetch manifest @babel/runtime@^7.28.4
160 silly packumentCache full:https://registry.npmjs.org/@babel%2fruntime cache-miss
161 http fetch GET 200 https://registry.npmjs.org/motion-utils 44ms (cache miss)
162 silly packumentCache full:https://registry.npmjs.org/motion-utils set size:undefined disposed:false
163 silly fetch manifest canvg@^3.0.11
164 silly packumentCache full:https://registry.npmjs.org/canvg cache-miss
165 http fetch GET 200 https://registry.npmjs.org/browserslist 275ms (cache miss)
166 silly packumentCache full:https://registry.npmjs.org/browserslist set size:undefined disposed:false
167 silly fetch manifest core-js@^3.6.0
168 silly packumentCache full:https://registry.npmjs.org/core-js cache-miss
169 http fetch GET 200 https://registry.npmjs.org/fflate 72ms (cache miss)
170 silly packumentCache full:https://registry.npmjs.org/fflate set size:undefined disposed:false
171 silly fetch manifest dompurify@^3.2.4
172 silly packumentCache full:https://registry.npmjs.org/dompurify cache-miss
173 http fetch GET 200 https://registry.npmjs.org/fast-png 63ms (cache miss)
174 silly packumentCache full:https://registry.npmjs.org/fast-png set size:undefined disposed:false
175 silly fetch manifest html2canvas@^1.0.0-rc.5
176 silly packumentCache full:https://registry.npmjs.org/html2canvas cache-miss
177 http fetch GET 200 https://registry.npmjs.org/canvg 49ms (cache miss)
178 silly packumentCache full:https://registry.npmjs.org/canvg set size:undefined disposed:false
179 silly fetch manifest postcss@8.4.31
180 silly packumentCache full:https://registry.npmjs.org/postcss cache-miss
181 http cache https://registry.npmjs.org/postcss 4ms (cache hit)
182 silly packumentCache full:https://registry.npmjs.org/postcss set size:749954 disposed:false
183 silly fetch manifest @next/env@15.5.22
184 silly packumentCache full:https://registry.npmjs.org/@next%2fenv cache-miss
185 http fetch GET 200 https://registry.npmjs.org/nanoid 272ms (cache miss)
186 silly packumentCache full:https://registry.npmjs.org/nanoid set size:undefined disposed:false
187 silly fetch manifest styled-jsx@5.1.6
188 silly packumentCache full:https://registry.npmjs.org/styled-jsx cache-miss
189 http fetch GET 200 https://registry.npmjs.org/dompurify 112ms (cache miss)
190 silly packumentCache full:https://registry.npmjs.org/dompurify set size:undefined disposed:false
191 silly fetch manifest @swc/helpers@0.5.15
192 silly packumentCache full:https://registry.npmjs.org/@swc%2fhelpers cache-miss
193 http fetch GET 200 https://registry.npmjs.org/caniuse-lite 404ms (cache miss)
194 silly packumentCache full:https://registry.npmjs.org/caniuse-lite set size:undefined disposed:false
195 silly fetch manifest caniuse-lite@^1.0.30001579
196 silly packumentCache full:https://registry.npmjs.org/caniuse-lite cache-miss
197 http cache https://registry.npmjs.org/caniuse-lite 7ms (cache hit)
198 silly packumentCache full:https://registry.npmjs.org/caniuse-lite set size:2306880 disposed:false
199 silly fetch manifest sharp@^0.34.3
200 silly packumentCache full:https://registry.npmjs.org/sharp cache-miss
201 http fetch GET 200 https://registry.npmjs.org/@babel%2fruntime 196ms (cache miss)
202 silly packumentCache full:https://registry.npmjs.org/@babel%2fruntime set size:undefined disposed:false
203 silly fetch manifest @next/swc-darwin-x64@15.5.22
204 silly packumentCache full:https://registry.npmjs.org/@next%2fswc-darwin-x64 cache-miss
205 http fetch GET 200 https://registry.npmjs.org/@swc%2fhelpers 95ms (cache miss)
206 silly packumentCache full:https://registry.npmjs.org/@swc%2fhelpers set size:undefined disposed:false
207 silly fetch manifest @next/swc-darwin-arm64@15.5.22
208 silly packumentCache full:https://registry.npmjs.org/@next%2fswc-darwin-arm64 cache-miss
209 http fetch GET 200 https://registry.npmjs.org/sharp 85ms (cache miss)
210 silly packumentCache full:https://registry.npmjs.org/sharp set size:undefined disposed:false
211 silly fetch manifest @next/swc-linux-x64-gnu@15.5.22
212 silly packumentCache full:https://registry.npmjs.org/@next%2fswc-linux-x64-gnu cache-miss
213 http fetch GET 200 https://registry.npmjs.org/html2canvas 230ms (cache miss)
214 silly packumentCache full:https://registry.npmjs.org/html2canvas set size:undefined disposed:false
215 silly fetch manifest @next/swc-linux-x64-musl@15.5.22
216 silly packumentCache full:https://registry.npmjs.org/@next%2fswc-linux-x64-musl cache-miss
217 http fetch GET 200 https://registry.npmjs.org/core-js 271ms (cache miss)
218 silly packumentCache full:https://registry.npmjs.org/core-js set size:undefined disposed:false
219 silly fetch manifest @next/swc-win32-x64-msvc@15.5.22
220 silly packumentCache full:https://registry.npmjs.org/@next%2fswc-win32-x64-msvc cache-miss
221 http fetch GET 200 https://registry.npmjs.org/styled-jsx 252ms (cache miss)
222 silly packumentCache full:https://registry.npmjs.org/styled-jsx set size:undefined disposed:false
223 silly fetch manifest @next/swc-linux-arm64-gnu@15.5.22
224 silly packumentCache full:https://registry.npmjs.org/@next%2fswc-linux-arm64-gnu cache-miss
225 http fetch GET 200 https://registry.npmjs.org/@next%2fswc-linux-x64-gnu 321ms (cache miss)
226 silly packumentCache full:https://registry.npmjs.org/@next%2fswc-linux-x64-gnu set size:undefined disposed:false
227 silly fetch manifest @next/swc-linux-arm64-musl@15.5.22
228 silly packumentCache full:https://registry.npmjs.org/@next%2fswc-linux-arm64-musl cache-miss
229 http fetch GET 200 https://registry.npmjs.org/@next%2fenv 1149ms (cache miss)
230 silly packumentCache full:https://registry.npmjs.org/@next%2fenv set size:undefined disposed:false
231 silly fetch manifest @next/swc-win32-arm64-msvc@15.5.22
232 silly packumentCache full:https://registry.npmjs.org/@next%2fswc-win32-arm64-msvc cache-miss
233 http fetch GET 200 https://registry.npmjs.org/@next%2fswc-win32-x64-msvc 954ms (cache miss)
234 silly packumentCache full:https://registry.npmjs.org/@next%2fswc-win32-x64-msvc set size:undefined disposed:false
235 silly fetch manifest scheduler@^0.27.0
236 silly packumentCache full:https://registry.npmjs.org/scheduler cache-miss
237 http fetch GET 200 https://registry.npmjs.org/@next%2fswc-darwin-arm64 1019ms (cache miss)
238 silly packumentCache full:https://registry.npmjs.org/@next%2fswc-darwin-arm64 set size:undefined disposed:false
239 silly fetch manifest pngjs@^5.0.0
240 silly packumentCache full:https://registry.npmjs.org/pngjs cache-miss
241 http fetch GET 200 https://registry.npmjs.org/@next%2fswc-linux-arm64-gnu 985ms (cache miss)
242 silly packumentCache full:https://registry.npmjs.org/@next%2fswc-linux-arm64-gnu set size:undefined disposed:false
243 silly fetch manifest yargs@^15.3.1
244 silly packumentCache full:https://registry.npmjs.org/yargs cache-miss
245 http fetch GET 200 https://registry.npmjs.org/@next%2fswc-linux-arm64-musl 727ms (cache miss)
246 silly packumentCache full:https://registry.npmjs.org/@next%2fswc-linux-arm64-musl set size:undefined disposed:false
247 silly fetch manifest dijkstrajs@^1.0.1
248 silly packumentCache full:https://registry.npmjs.org/dijkstrajs cache-miss
249 http fetch GET 200 https://registry.npmjs.org/@next%2fswc-darwin-x64 1162ms (cache miss)
250 silly packumentCache full:https://registry.npmjs.org/@next%2fswc-darwin-x64 set size:undefined disposed:false
251 silly fetch manifest arg@^5.0.2
252 silly packumentCache full:https://registry.npmjs.org/arg cache-miss
253 http fetch GET 200 https://registry.npmjs.org/pngjs 241ms (cache miss)
254 silly packumentCache full:https://registry.npmjs.org/pngjs set size:undefined disposed:false
255 silly fetch manifest dlv@^1.1.3
256 silly packumentCache full:https://registry.npmjs.org/dlv cache-miss
257 http fetch GET 200 https://registry.npmjs.org/scheduler 262ms (cache miss)
258 silly packumentCache full:https://registry.npmjs.org/scheduler set size:undefined disposed:false
259 silly fetch manifest jiti@^1.21.7
260 silly packumentCache full:https://registry.npmjs.org/jiti cache-miss
261 http fetch GET 200 https://registry.npmjs.org/yargs 230ms (cache miss)
262 silly packumentCache full:https://registry.npmjs.org/yargs set size:undefined disposed:false
263 silly fetch manifest is-glob@^4.0.3
264 silly packumentCache full:https://registry.npmjs.org/is-glob cache-miss
265 http fetch GET 200 https://registry.npmjs.org/@next%2fswc-linux-x64-musl 1290ms (cache miss)
266 silly packumentCache full:https://registry.npmjs.org/@next%2fswc-linux-x64-musl set size:undefined disposed:false
267 silly fetch manifest resolve@^1.22.8
268 silly packumentCache full:https://registry.npmjs.org/resolve cache-miss
269 http fetch GET 200 https://registry.npmjs.org/dlv 60ms (cache miss)
270 silly packumentCache full:https://registry.npmjs.org/dlv set size:undefined disposed:false
271 silly fetch manifest sucrase@^3.35.0
272 silly packumentCache full:https://registry.npmjs.org/sucrase cache-miss
273 http fetch GET 200 https://registry.npmjs.org/jiti 57ms (cache miss)
274 silly packumentCache full:https://registry.npmjs.org/jiti set size:undefined disposed:false
275 silly fetch manifest chokidar@^3.6.0
276 silly packumentCache full:https://registry.npmjs.org/chokidar cache-miss
277 http fetch GET 200 https://registry.npmjs.org/sucrase 68ms (cache miss)
278 silly packumentCache full:https://registry.npmjs.org/sucrase set size:undefined disposed:false
279 silly fetch manifest fast-glob@^3.3.2
280 silly packumentCache full:https://registry.npmjs.org/fast-glob cache-miss
281 http fetch GET 200 https://registry.npmjs.org/chokidar 56ms (cache miss)
282 silly packumentCache full:https://registry.npmjs.org/chokidar set size:undefined disposed:false
283 silly fetch manifest lilconfig@^3.1.3
284 silly packumentCache full:https://registry.npmjs.org/lilconfig cache-miss
285 http fetch GET 200 https://registry.npmjs.org/resolve 90ms (cache miss)
286 silly packumentCache full:https://registry.npmjs.org/resolve set size:undefined disposed:false
287 silly fetch manifest didyoumean@^1.2.2
288 silly packumentCache full:https://registry.npmjs.org/didyoumean cache-miss
289 http fetch GET 200 https://registry.npmjs.org/dijkstrajs 324ms (cache miss)
290 silly packumentCache full:https://registry.npmjs.org/dijkstrajs set size:undefined disposed:false
291 silly fetch manifest micromatch@^4.0.8
292 silly packumentCache full:https://registry.npmjs.org/micromatch cache-miss
293 http fetch GET 200 https://registry.npmjs.org/arg 330ms (cache miss)
294 silly packumentCache full:https://registry.npmjs.org/arg set size:undefined disposed:false
295 silly fetch manifest postcss-js@^4.0.1
296 silly packumentCache full:https://registry.npmjs.org/postcss-js cache-miss
297 http fetch GET 200 https://registry.npmjs.org/lilconfig 45ms (cache miss)
298 silly packumentCache full:https://registry.npmjs.org/lilconfig set size:undefined disposed:false
299 silly fetch manifest glob-parent@^6.0.2
300 silly packumentCache full:https://registry.npmjs.org/glob-parent cache-miss
301 http fetch GET 200 https://registry.npmjs.org/is-glob 151ms (cache miss)
302 silly packumentCache full:https://registry.npmjs.org/is-glob set size:undefined disposed:false
303 silly fetch manifest object-hash@^3.0.0
304 silly packumentCache full:https://registry.npmjs.org/object-hash cache-miss
305 http fetch GET 200 https://registry.npmjs.org/fast-glob 66ms (cache miss)
306 silly packumentCache full:https://registry.npmjs.org/fast-glob set size:undefined disposed:false
307 silly fetch manifest normalize-path@^3.0.0
308 silly packumentCache full:https://registry.npmjs.org/normalize-path cache-miss
309 http fetch GET 200 https://registry.npmjs.org/didyoumean 60ms (cache miss)
310 silly packumentCache full:https://registry.npmjs.org/didyoumean set size:undefined disposed:false
311 silly fetch manifest postcss-import@^15.1.0
312 silly packumentCache full:https://registry.npmjs.org/postcss-import cache-miss
313 http fetch GET 200 https://registry.npmjs.org/glob-parent 41ms (cache miss)
314 silly packumentCache full:https://registry.npmjs.org/glob-parent set size:undefined disposed:false
315 silly fetch manifest postcss-nested@^6.2.0
316 silly packumentCache full:https://registry.npmjs.org/postcss-nested cache-miss
317 http fetch GET 200 https://registry.npmjs.org/postcss-js 56ms (cache miss)
318 silly packumentCache full:https://registry.npmjs.org/postcss-js set size:undefined disposed:false
319 silly fetch manifest @alloc/quick-lru@^5.2.0
320 silly packumentCache full:https://registry.npmjs.org/@alloc%2fquick-lru cache-miss
321 http fetch GET 200 https://registry.npmjs.org/normalize-path 57ms (cache miss)
322 silly packumentCache full:https://registry.npmjs.org/normalize-path set size:undefined disposed:false
323 silly fetch manifest postcss-load-config@^4.0.2 || ^5.0 || ^6.0
324 silly packumentCache full:https://registry.npmjs.org/postcss-load-config cache-miss
325 http fetch GET 200 https://registry.npmjs.org/micromatch 119ms (cache miss)
326 silly packumentCache full:https://registry.npmjs.org/micromatch set size:undefined disposed:false
327 silly fetch manifest postcss-selector-parser@^6.1.2
328 silly packumentCache full:https://registry.npmjs.org/postcss-selector-parser cache-miss
329 http fetch GET 200 https://registry.npmjs.org/postcss-import 69ms (cache miss)
330 silly packumentCache full:https://registry.npmjs.org/postcss-import set size:undefined disposed:false
331 http fetch GET 200 https://registry.npmjs.org/@alloc%2fquick-lru 49ms (cache miss)
332 silly packumentCache full:https://registry.npmjs.org/@alloc%2fquick-lru set size:undefined disposed:false
333 http fetch GET 200 https://registry.npmjs.org/postcss-selector-parser 74ms (cache miss)
334 silly packumentCache full:https://registry.npmjs.org/postcss-selector-parser set size:undefined disposed:false
335 http fetch GET 200 https://registry.npmjs.org/object-hash 236ms (cache miss)
336 silly packumentCache full:https://registry.npmjs.org/object-hash set size:undefined disposed:false
337 http fetch GET 200 https://registry.npmjs.org/postcss-load-config 240ms (cache miss)
338 silly packumentCache full:https://registry.npmjs.org/postcss-load-config set size:undefined disposed:false
339 http fetch GET 200 https://registry.npmjs.org/postcss-nested 275ms (cache miss)
340 silly packumentCache full:https://registry.npmjs.org/postcss-nested set size:undefined disposed:false
341 http fetch GET 200 https://registry.npmjs.org/@next%2fswc-win32-arm64-msvc 1663ms (cache miss)
342 silly packumentCache full:https://registry.npmjs.org/@next%2fswc-win32-arm64-msvc set size:undefined disposed:false
343 silly placeDep ROOT undici-types@7.18.2 OK for: @types/node@24.13.3 want: ~7.18.0
344 silly placeDep ROOT csstype@3.2.3 OK for: @types/react@19.2.17 want: ^3.2.2
345 silly placeDep ROOT browserslist@4.28.7 OK for: autoprefixer@10.5.4 want: ^4.28.6
346 silly placeDep ROOT caniuse-lite@1.0.30001806 OK for: autoprefixer@10.5.4 want: ^1.0.30001806
347 silly placeDep ROOT fraction.js@5.3.4 OK for: autoprefixer@10.5.4 want: ^5.3.4
348 silly placeDep ROOT picocolors@1.1.1 OK for: autoprefixer@10.5.4 want: ^1.1.1
349 silly placeDep ROOT postcss-value-parser@4.2.0 OK for: autoprefixer@10.5.4 want: ^4.2.0
350 silly fetch manifest node-releases@^2.0.51
351 silly packumentCache full:https://registry.npmjs.org/node-releases cache-miss
352 silly fetch manifest electron-to-chromium@^1.5.393
353 silly packumentCache full:https://registry.npmjs.org/electron-to-chromium cache-miss
354 silly fetch manifest update-browserslist-db@^1.2.3
355 silly packumentCache full:https://registry.npmjs.org/update-browserslist-db cache-miss
356 silly fetch manifest baseline-browser-mapping@^2.10.44
357 silly packumentCache full:https://registry.npmjs.org/baseline-browser-mapping cache-miss
358 http fetch GET 200 https://registry.npmjs.org/update-browserslist-db 74ms (cache miss)
359 silly packumentCache full:https://registry.npmjs.org/update-browserslist-db set size:undefined disposed:false
360 http fetch GET 200 https://registry.npmjs.org/node-releases 211ms (cache miss)
361 silly packumentCache full:https://registry.npmjs.org/node-releases set size:undefined disposed:false
362 http fetch GET 200 https://registry.npmjs.org/baseline-browser-mapping 215ms (cache miss)
363 silly packumentCache full:https://registry.npmjs.org/baseline-browser-mapping set size:undefined disposed:false
364 http fetch GET 200 https://registry.npmjs.org/electron-to-chromium 226ms (cache miss)
365 silly packumentCache full:https://registry.npmjs.org/electron-to-chromium set size:undefined disposed:false
366 silly fetch manifest browserslist@>= 4.21.0
367 silly packumentCache full:https://registry.npmjs.org/browserslist cache-miss
368 http cache https://registry.npmjs.org/browserslist 2ms (cache hit)
369 silly packumentCache full:https://registry.npmjs.org/browserslist set size:516369 disposed:false
370 silly placeDep ROOT baseline-browser-mapping@2.11.3 OK for: browserslist@4.28.7 want: ^2.10.44
371 silly placeDep ROOT electron-to-chromium@1.5.396 OK for: browserslist@4.28.7 want: ^1.5.393
372 silly placeDep ROOT node-releases@2.0.51 OK for: browserslist@4.28.7 want: ^2.0.51
373 silly placeDep ROOT update-browserslist-db@1.2.3 OK for: browserslist@4.28.7 want: ^1.2.3
374 silly fetch manifest escalade@^3.2.0
375 silly packumentCache full:https://registry.npmjs.org/escalade cache-miss
376 http fetch GET 200 https://registry.npmjs.org/escalade 56ms (cache miss)
377 silly packumentCache full:https://registry.npmjs.org/escalade set size:undefined disposed:false
378 silly placeDep ROOT motion-dom@11.18.1 OK for: framer-motion@11.18.2 want: ^11.18.1
379 silly placeDep ROOT motion-utils@11.18.1 OK for: framer-motion@11.18.2 want: ^11.18.1
380 silly placeDep ROOT tslib@2.8.1 OK for: framer-motion@11.18.2 want: ^2.4.0
381 silly placeDep ROOT @babel/runtime@7.29.7 OK for: jspdf@3.0.4 want: ^7.28.4
382 silly placeDep ROOT canvg@3.0.11 OK for: jspdf@3.0.4 want: ^3.0.11
383 silly placeDep ROOT core-js@3.49.0 OK for: jspdf@3.0.4 want: ^3.6.0
384 silly placeDep ROOT dompurify@3.4.12 OK for: jspdf@3.0.4 want: ^3.2.4
385 silly placeDep ROOT fast-png@6.4.0 OK for: jspdf@3.0.4 want: ^6.2.0
386 silly placeDep ROOT fflate@0.8.3 OK for: jspdf@3.0.4 want: ^0.8.1
387 silly placeDep ROOT html2canvas@1.4.1 OK for: jspdf@3.0.4 want: ^1.0.0-rc.5
388 silly fetch manifest raf@^3.4.1
389 silly packumentCache full:https://registry.npmjs.org/raf cache-miss
390 silly fetch manifest core-js@^3.8.3
391 silly packumentCache full:https://registry.npmjs.org/core-js cache-miss
392 silly fetch manifest rgbcolor@^1.0.1
393 silly packumentCache full:https://registry.npmjs.org/rgbcolor cache-miss
394 silly fetch manifest @types/raf@^3.4.0
395 silly packumentCache full:https://registry.npmjs.org/@types%2fraf cache-miss
396 silly fetch manifest svg-pathdata@^6.0.3
397 silly packumentCache full:https://registry.npmjs.org/svg-pathdata cache-miss
398 silly fetch manifest stackblur-canvas@^2.0.0
399 silly packumentCache full:https://registry.npmjs.org/stackblur-canvas cache-miss
400 silly fetch manifest regenerator-runtime@^0.13.7
401 silly packumentCache full:https://registry.npmjs.org/regenerator-runtime cache-miss
402 http cache https://registry.npmjs.org/core-js 6ms (cache hit)
403 silly packumentCache full:https://registry.npmjs.org/core-js set size:814557 disposed:false
404 silly fetch manifest @types/trusted-types@^2.0.7
405 silly packumentCache full:https://registry.npmjs.org/@types%2ftrusted-types cache-miss
406 http fetch GET 200 https://registry.npmjs.org/regenerator-runtime 46ms (cache miss)
407 silly packumentCache full:https://registry.npmjs.org/regenerator-runtime set size:undefined disposed:false
408 silly fetch manifest pako@^2.1.0
409 silly packumentCache full:https://registry.npmjs.org/pako cache-miss
410 http fetch GET 200 https://registry.npmjs.org/@types%2ftrusted-types 61ms (cache miss)
411 silly packumentCache full:https://registry.npmjs.org/@types%2ftrusted-types set size:undefined disposed:false
412 silly fetch manifest iobuffer@^5.3.2
413 silly packumentCache full:https://registry.npmjs.org/iobuffer cache-miss
414 http fetch GET 200 https://registry.npmjs.org/stackblur-canvas 69ms (cache miss)
415 silly packumentCache full:https://registry.npmjs.org/stackblur-canvas set size:undefined disposed:false
416 silly fetch manifest @types/pako@^2.0.3
417 silly packumentCache full:https://registry.npmjs.org/@types%2fpako cache-miss
418 http fetch GET 200 https://registry.npmjs.org/svg-pathdata 75ms (cache miss)
419 silly packumentCache full:https://registry.npmjs.org/svg-pathdata set size:undefined disposed:false
420 silly fetch manifest css-line-break@^2.1.0
421 silly packumentCache full:https://registry.npmjs.org/css-line-break cache-miss
422 http fetch GET 200 https://registry.npmjs.org/iobuffer 58ms (cache miss)
423 silly packumentCache full:https://registry.npmjs.org/iobuffer set size:undefined disposed:false
424 silly fetch manifest text-segmentation@^1.0.3
425 silly packumentCache full:https://registry.npmjs.org/text-segmentation cache-miss
426 http fetch GET 200 https://registry.npmjs.org/@types%2fpako 67ms (cache miss)
427 silly packumentCache full:https://registry.npmjs.org/@types%2fpako set size:undefined disposed:false
428 http fetch GET 200 https://registry.npmjs.org/text-segmentation 56ms (cache miss)
429 silly packumentCache full:https://registry.npmjs.org/text-segmentation set size:undefined disposed:false
430 http fetch GET 200 https://registry.npmjs.org/@types%2fraf 226ms (cache miss)
431 silly packumentCache full:https://registry.npmjs.org/@types%2fraf set size:undefined disposed:false
432 http fetch GET 200 https://registry.npmjs.org/raf 249ms (cache miss)
433 silly packumentCache full:https://registry.npmjs.org/raf set size:undefined disposed:false
434 http fetch GET 200 https://registry.npmjs.org/rgbcolor 264ms (cache miss)
435 silly packumentCache full:https://registry.npmjs.org/rgbcolor set size:undefined disposed:false
436 http fetch GET 200 https://registry.npmjs.org/css-line-break 220ms (cache miss)
437 silly packumentCache full:https://registry.npmjs.org/css-line-break set size:undefined disposed:false
438 http fetch GET 200 https://registry.npmjs.org/pako 258ms (cache miss)
439 silly packumentCache full:https://registry.npmjs.org/pako set size:undefined disposed:false
440 silly placeDep ROOT @types/raf@3.4.3 OK for: canvg@3.0.11 want: ^3.4.0
441 silly placeDep ROOT raf@3.4.1 OK for: canvg@3.0.11 want: ^3.4.1
442 silly placeDep ROOT regenerator-runtime@0.13.11 OK for: canvg@3.0.11 want: ^0.13.7
443 silly placeDep ROOT rgbcolor@1.0.1 OK for: canvg@3.0.11 want: ^1.0.1
444 silly placeDep ROOT stackblur-canvas@2.7.0 OK for: canvg@3.0.11 want: ^2.0.0
445 silly placeDep ROOT svg-pathdata@6.0.3 OK for: canvg@3.0.11 want: ^6.0.3
446 silly fetch manifest performance-now@^2.1.0
447 silly packumentCache full:https://registry.npmjs.org/performance-now cache-miss
448 http fetch GET 200 https://registry.npmjs.org/performance-now 58ms (cache miss)
449 silly packumentCache full:https://registry.npmjs.org/performance-now set size:undefined disposed:false
450 silly placeDep ROOT @types/trusted-types@2.0.7 OK for: dompurify@3.4.12 want: ^2.0.7
451 silly placeDep ROOT @types/pako@2.0.4 OK for: fast-png@6.4.0 want: ^2.0.3
452 silly placeDep ROOT iobuffer@5.4.0 OK for: fast-png@6.4.0 want: ^5.3.2
453 silly placeDep ROOT pako@2.2.0 OK for: fast-png@6.4.0 want: ^2.1.0
454 silly placeDep ROOT css-line-break@2.1.0 OK for: html2canvas@1.4.1 want: ^2.1.0
455 silly placeDep ROOT text-segmentation@1.0.3 OK for: html2canvas@1.4.1 want: ^1.0.3
456 silly fetch manifest utrie@^1.0.2
457 silly packumentCache full:https://registry.npmjs.org/utrie cache-miss
458 silly fetch manifest utrie@^1.0.2
459 silly packumentCache full:https://registry.npmjs.org/utrie cache-miss
460 http fetch GET 200 https://registry.npmjs.org/utrie 56ms (cache miss)
461 silly packumentCache full:https://registry.npmjs.org/utrie set size:undefined disposed:false
462 http fetch GET 200 https://registry.npmjs.org/utrie 56ms (cache miss)
463 silly packumentCache full:https://registry.npmjs.org/utrie set size:undefined disposed:false
464 silly placeDep ROOT utrie@1.0.2 OK for: css-line-break@2.1.0 want: ^1.0.2
465 silly fetch manifest base64-arraybuffer@^1.0.2
466 silly packumentCache full:https://registry.npmjs.org/base64-arraybuffer cache-miss
467 http fetch GET 200 https://registry.npmjs.org/base64-arraybuffer 43ms (cache miss)
468 silly packumentCache full:https://registry.npmjs.org/base64-arraybuffer set size:undefined disposed:false
469 silly fetch manifest react@^18.2.0 || 19.0.0-rc-de68d2f4-20241204 || ^19.0.0
470 silly packumentCache full:https://registry.npmjs.org/react cache-miss
471 http cache https://registry.npmjs.org/react 9ms (cache hit)
472 silly packumentCache full:https://registry.npmjs.org/react set size:6830011 disposed:false
473 silly placeDep ROOT @next/env@15.5.22 OK for: next@15.5.22 want: 15.5.22
474 silly placeDep ROOT @next/swc-darwin-arm64@15.5.22 OK for: next@15.5.22 want: 15.5.22
475 silly placeDep ROOT @next/swc-darwin-x64@15.5.22 OK for: next@15.5.22 want: 15.5.22
476 silly placeDep ROOT @next/swc-linux-arm64-gnu@15.5.22 OK for: next@15.5.22 want: 15.5.22
477 silly placeDep ROOT @next/swc-linux-arm64-musl@15.5.22 OK for: next@15.5.22 want: 15.5.22
478 silly placeDep ROOT @next/swc-linux-x64-gnu@15.5.22 OK for: next@15.5.22 want: 15.5.22
479 silly placeDep ROOT @next/swc-linux-x64-musl@15.5.22 OK for: next@15.5.22 want: 15.5.22
480 silly placeDep ROOT @next/swc-win32-arm64-msvc@15.5.22 OK for: next@15.5.22 want: 15.5.22
481 silly placeDep ROOT @next/swc-win32-x64-msvc@15.5.22 OK for: next@15.5.22 want: 15.5.22
482 silly placeDep ROOT @swc/helpers@0.5.15 OK for: next@15.5.22 want: 0.5.15
483 silly placeDep node_modules/next postcss@8.4.31 OK for: next@15.5.22 want: 8.4.31
484 silly placeDep ROOT sharp@0.34.5 OK for: next@15.5.22 want: ^0.34.3
485 silly placeDep ROOT styled-jsx@5.1.6 OK for: next@15.5.22 want: 5.1.6
486 silly fetch manifest nanoid@^3.3.6
487 silly packumentCache full:https://registry.npmjs.org/nanoid cache-miss
488 silly fetch manifest source-map-js@^1.0.2
489 silly packumentCache full:https://registry.npmjs.org/source-map-js cache-miss
490 silly fetch manifest semver@^7.7.3
491 silly packumentCache full:https://registry.npmjs.org/semver cache-miss
492 silly fetch manifest @img/colour@^1.0.0
493 silly packumentCache full:https://registry.npmjs.org/@img%2fcolour cache-miss
494 silly fetch manifest detect-libc@^2.1.2
495 silly packumentCache full:https://registry.npmjs.org/detect-libc cache-miss
496 silly fetch manifest @img/sharp-wasm32@0.34.5
497 silly packumentCache full:https://registry.npmjs.org/@img%2fsharp-wasm32 cache-miss
498 silly fetch manifest @img/sharp-linux-arm@0.34.5
499 silly packumentCache full:https://registry.npmjs.org/@img%2fsharp-linux-arm cache-miss
500 http cache https://registry.npmjs.org/source-map-js 9ms (cache hit)
501 silly packumentCache full:https://registry.npmjs.org/source-map-js set size:62640 disposed:false
502 silly fetch manifest @img/sharp-linux-x64@0.34.5
503 silly packumentCache full:https://registry.npmjs.org/@img%2fsharp-linux-x64 cache-miss
504 http cache https://registry.npmjs.org/nanoid 12ms (cache hit)
505 silly packumentCache full:https://registry.npmjs.org/nanoid set size:335912 disposed:false
506 silly fetch manifest @img/sharp-win32-x64@0.34.5
507 silly packumentCache full:https://registry.npmjs.org/@img%2fsharp-win32-x64 cache-miss
508 http fetch GET 200 https://registry.npmjs.org/detect-libc 45ms (cache miss)
509 silly packumentCache full:https://registry.npmjs.org/detect-libc set size:undefined disposed:false
510 silly fetch manifest @img/sharp-darwin-x64@0.34.5
511 silly packumentCache full:https://registry.npmjs.org/@img%2fsharp-darwin-x64 cache-miss
512 http fetch GET 200 https://registry.npmjs.org/semver 69ms (cache miss)
513 silly packumentCache full:https://registry.npmjs.org/semver set size:undefined disposed:false
514 silly fetch manifest @img/sharp-win32-ia32@0.34.5
515 silly packumentCache full:https://registry.npmjs.org/@img%2fsharp-win32-ia32 cache-miss
516 http fetch GET 200 https://registry.npmjs.org/@img%2fcolour 71ms (cache miss)
517 silly packumentCache full:https://registry.npmjs.org/@img%2fcolour set size:undefined disposed:false
518 silly fetch manifest @img/sharp-linux-arm64@0.34.5
519 silly packumentCache full:https://registry.npmjs.org/@img%2fsharp-linux-arm64 cache-miss
520 http fetch GET 200 https://registry.npmjs.org/@img%2fsharp-linux-arm 72ms (cache miss)
521 silly packumentCache full:https://registry.npmjs.org/@img%2fsharp-linux-arm set size:undefined disposed:false
522 silly fetch manifest @img/sharp-linux-ppc64@0.34.5
523 silly packumentCache full:https://registry.npmjs.org/@img%2fsharp-linux-ppc64 cache-miss
524 http fetch GET 200 https://registry.npmjs.org/@img%2fsharp-wasm32 81ms (cache miss)
525 silly packumentCache full:https://registry.npmjs.org/@img%2fsharp-wasm32 set size:undefined disposed:false
526 silly fetch manifest @img/sharp-linux-s390x@0.34.5
527 silly packumentCache full:https://registry.npmjs.org/@img%2fsharp-linux-s390x cache-miss
528 http fetch GET 200 https://registry.npmjs.org/@img%2fsharp-linux-x64 72ms (cache miss)
529 silly packumentCache full:https://registry.npmjs.org/@img%2fsharp-linux-x64 set size:undefined disposed:false
530 silly fetch manifest @img/sharp-win32-arm64@0.34.5
531 silly packumentCache full:https://registry.npmjs.org/@img%2fsharp-win32-arm64 cache-miss
532 http fetch GET 200 https://registry.npmjs.org/@img%2fsharp-linux-arm64 58ms (cache miss)
533 silly packumentCache full:https://registry.npmjs.org/@img%2fsharp-linux-arm64 set size:undefined disposed:false
534 silly fetch manifest @img/sharp-darwin-arm64@0.34.5
535 silly packumentCache full:https://registry.npmjs.org/@img%2fsharp-darwin-arm64 cache-miss
536 http fetch GET 200 https://registry.npmjs.org/@img%2fsharp-win32-ia32 66ms (cache miss)
537 silly packumentCache full:https://registry.npmjs.org/@img%2fsharp-win32-ia32 set size:undefined disposed:false
538 silly fetch manifest @img/sharp-linux-riscv64@0.34.5
539 silly packumentCache full:https://registry.npmjs.org/@img%2fsharp-linux-riscv64 cache-miss
540 http fetch GET 200 https://registry.npmjs.org/@img%2fsharp-linux-ppc64 71ms (cache miss)
541 silly packumentCache full:https://registry.npmjs.org/@img%2fsharp-linux-ppc64 set size:undefined disposed:false
542 silly fetch manifest @img/sharp-linuxmusl-x64@0.34.5
543 silly packumentCache full:https://registry.npmjs.org/@img%2fsharp-linuxmusl-x64 cache-miss
544 http fetch GET 200 https://registry.npmjs.org/@img%2fsharp-win32-arm64 74ms (cache miss)
545 silly packumentCache full:https://registry.npmjs.org/@img%2fsharp-win32-arm64 set size:undefined disposed:false
546 silly fetch manifest @img/sharp-linuxmusl-arm64@0.34.5
547 silly packumentCache full:https://registry.npmjs.org/@img%2fsharp-linuxmusl-arm64 cache-miss
548 http fetch GET 200 https://registry.npmjs.org/@img%2fsharp-linux-s390x 111ms (cache miss)
549 silly packumentCache full:https://registry.npmjs.org/@img%2fsharp-linux-s390x set size:undefined disposed:false
550 silly fetch manifest @img/sharp-libvips-linux-arm@1.2.4
551 silly packumentCache full:https://registry.npmjs.org/@img%2fsharp-libvips-linux-arm cache-miss
552 http fetch GET 200 https://registry.npmjs.org/@img%2fsharp-linux-riscv64 68ms (cache miss)
553 silly packumentCache full:https://registry.npmjs.org/@img%2fsharp-linux-riscv64 set size:undefined disposed:false
554 silly fetch manifest @img/sharp-libvips-linux-x64@1.2.4
555 silly packumentCache full:https://registry.npmjs.org/@img%2fsharp-libvips-linux-x64 cache-miss
556 http fetch GET 200 https://registry.npmjs.org/@img%2fsharp-linuxmusl-x64 74ms (cache miss)
557 silly packumentCache full:https://registry.npmjs.org/@img%2fsharp-linuxmusl-x64 set size:undefined disposed:false
558 silly fetch manifest @img/sharp-libvips-darwin-x64@1.2.4
559 silly packumentCache full:https://registry.npmjs.org/@img%2fsharp-libvips-darwin-x64 cache-miss
560 http fetch GET 200 https://registry.npmjs.org/@img%2fsharp-linuxmusl-arm64 74ms (cache miss)
561 silly packumentCache full:https://registry.npmjs.org/@img%2fsharp-linuxmusl-arm64 set size:undefined disposed:false
562 silly fetch manifest @img/sharp-libvips-linux-arm64@1.2.4
563 silly packumentCache full:https://registry.npmjs.org/@img%2fsharp-libvips-linux-arm64 cache-miss
564 http fetch GET 200 https://registry.npmjs.org/@img%2fsharp-darwin-arm64 107ms (cache miss)
565 silly packumentCache full:https://registry.npmjs.org/@img%2fsharp-darwin-arm64 set size:undefined disposed:false
566 silly fetch manifest @img/sharp-libvips-linux-ppc64@1.2.4
567 silly packumentCache full:https://registry.npmjs.org/@img%2fsharp-libvips-linux-ppc64 cache-miss
568 http fetch GET 200 https://registry.npmjs.org/@img%2fsharp-libvips-linux-x64 67ms (cache miss)
569 silly packumentCache full:https://registry.npmjs.org/@img%2fsharp-libvips-linux-x64 set size:undefined disposed:false
570 silly fetch manifest @img/sharp-libvips-linux-s390x@1.2.4
571 silly packumentCache full:https://registry.npmjs.org/@img%2fsharp-libvips-linux-s390x cache-miss
572 http fetch GET 200 https://registry.npmjs.org/@img%2fsharp-libvips-linux-arm 80ms (cache miss)
573 silly packumentCache full:https://registry.npmjs.org/@img%2fsharp-libvips-linux-arm set size:undefined disposed:false
574 silly fetch manifest @img/sharp-libvips-darwin-arm64@1.2.4
575 silly packumentCache full:https://registry.npmjs.org/@img%2fsharp-libvips-darwin-arm64 cache-miss
576 http fetch GET 200 https://registry.npmjs.org/@img%2fsharp-libvips-darwin-x64 72ms (cache miss)
577 silly packumentCache full:https://registry.npmjs.org/@img%2fsharp-libvips-darwin-x64 set size:undefined disposed:false
578 silly fetch manifest @img/sharp-libvips-linux-riscv64@1.2.4
579 silly packumentCache full:https://registry.npmjs.org/@img%2fsharp-libvips-linux-riscv64 cache-miss
580 http fetch GET 200 https://registry.npmjs.org/@img%2fsharp-libvips-linux-arm64 77ms (cache miss)
581 silly packumentCache full:https://registry.npmjs.org/@img%2fsharp-libvips-linux-arm64 set size:undefined disposed:false
582 silly fetch manifest @img/sharp-libvips-linuxmusl-x64@1.2.4
583 silly packumentCache full:https://registry.npmjs.org/@img%2fsharp-libvips-linuxmusl-x64 cache-miss
584 http fetch GET 200 https://registry.npmjs.org/@img%2fsharp-win32-x64 323ms (cache miss)
585 silly packumentCache full:https://registry.npmjs.org/@img%2fsharp-win32-x64 set size:undefined disposed:false
586 silly fetch manifest @img/sharp-libvips-linuxmusl-arm64@1.2.4
587 silly packumentCache full:https://registry.npmjs.org/@img%2fsharp-libvips-linuxmusl-arm64 cache-miss
588 http fetch GET 200 https://registry.npmjs.org/@img%2fsharp-libvips-linux-ppc64 101ms (cache miss)
589 silly packumentCache full:https://registry.npmjs.org/@img%2fsharp-libvips-linux-ppc64 set size:undefined disposed:false
590 silly fetch manifest client-only@0.0.1
591 silly packumentCache full:https://registry.npmjs.org/client-only cache-miss
592 http fetch GET 200 https://registry.npmjs.org/@img%2fsharp-libvips-linux-s390x 67ms (cache miss)
593 silly packumentCache full:https://registry.npmjs.org/@img%2fsharp-libvips-linux-s390x set size:undefined disposed:false
594 http fetch GET 200 https://registry.npmjs.org/@img%2fsharp-libvips-darwin-arm64 73ms (cache miss)
595 silly packumentCache full:https://registry.npmjs.org/@img%2fsharp-libvips-darwin-arm64 set size:undefined disposed:false
596 http fetch GET 200 https://registry.npmjs.org/@img%2fsharp-darwin-x64 303ms (cache miss)
597 silly packumentCache full:https://registry.npmjs.org/@img%2fsharp-darwin-x64 set size:undefined disposed:false
598 http fetch GET 200 https://registry.npmjs.org/@img%2fsharp-libvips-linux-riscv64 74ms (cache miss)
599 silly packumentCache full:https://registry.npmjs.org/@img%2fsharp-libvips-linux-riscv64 set size:undefined disposed:false
600 http fetch GET 200 https://registry.npmjs.org/@img%2fsharp-libvips-linuxmusl-x64 70ms (cache miss)
601 silly packumentCache full:https://registry.npmjs.org/@img%2fsharp-libvips-linuxmusl-x64 set size:undefined disposed:false
602 http fetch GET 200 https://registry.npmjs.org/client-only 54ms (cache miss)
603 silly packumentCache full:https://registry.npmjs.org/client-only set size:undefined disposed:false
604 http fetch GET 200 https://registry.npmjs.org/@img%2fsharp-libvips-linuxmusl-arm64 540ms (cache miss)
605 silly packumentCache full:https://registry.npmjs.org/@img%2fsharp-libvips-linuxmusl-arm64 set size:undefined disposed:false
606 silly placeDep ROOT nanoid@3.3.16 OK for: postcss@8.5.23 want: ^3.3.16
607 silly placeDep ROOT source-map-js@1.2.1 OK for: postcss@8.5.23 want: ^1.2.1
608 silly placeDep ROOT dijkstrajs@1.0.3 OK for: qrcode@1.5.4 want: ^1.0.1
609 silly placeDep ROOT pngjs@5.0.0 OK for: qrcode@1.5.4 want: ^5.0.0
610 silly placeDep ROOT yargs@15.4.1 OK for: qrcode@1.5.4 want: ^15.3.1
611 silly fetch manifest y18n@^4.0.0
612 silly packumentCache full:https://registry.npmjs.org/y18n cache-miss
613 silly fetch manifest cliui@^6.0.0
614 silly packumentCache full:https://registry.npmjs.org/cliui cache-miss
615 silly fetch manifest find-up@^4.1.0
616 silly packumentCache full:https://registry.npmjs.org/find-up cache-miss
617 silly fetch manifest decamelize@^1.2.0
618 silly packumentCache full:https://registry.npmjs.org/decamelize cache-miss
619 silly fetch manifest set-blocking@^2.0.0
620 silly packumentCache full:https://registry.npmjs.org/set-blocking cache-miss
621 silly fetch manifest string-width@^4.2.0
622 silly packumentCache full:https://registry.npmjs.org/string-width cache-miss
623 silly fetch manifest which-module@^2.0.0
624 silly packumentCache full:https://registry.npmjs.org/which-module cache-miss
625 http fetch GET 200 https://registry.npmjs.org/find-up 52ms (cache miss)
626 silly packumentCache full:https://registry.npmjs.org/find-up set size:undefined disposed:false
627 silly fetch manifest yargs-parser@^18.1.2
628 silly packumentCache full:https://registry.npmjs.org/yargs-parser cache-miss
629 http fetch GET 200 https://registry.npmjs.org/y18n 53ms (cache miss)
630 silly packumentCache full:https://registry.npmjs.org/y18n set size:undefined disposed:false
631 silly fetch manifest get-caller-file@^2.0.1
632 silly packumentCache full:https://registry.npmjs.org/get-caller-file cache-miss
633 http fetch GET 200 https://registry.npmjs.org/string-width 59ms (cache miss)
634 silly packumentCache full:https://registry.npmjs.org/string-width set size:undefined disposed:false
635 silly fetch manifest require-directory@^2.1.1
636 silly packumentCache full:https://registry.npmjs.org/require-directory cache-miss
637 http fetch GET 200 https://registry.npmjs.org/decamelize 63ms (cache miss)
638 silly packumentCache full:https://registry.npmjs.org/decamelize set size:undefined disposed:false
639 silly fetch manifest require-main-filename@^2.0.0
640 silly packumentCache full:https://registry.npmjs.org/require-main-filename cache-miss
641 http fetch GET 200 https://registry.npmjs.org/cliui 70ms (cache miss)
642 silly packumentCache full:https://registry.npmjs.org/cliui set size:undefined disposed:false
643 http fetch GET 200 https://registry.npmjs.org/get-caller-file 52ms (cache miss)
644 silly packumentCache full:https://registry.npmjs.org/get-caller-file set size:undefined disposed:false
645 http fetch GET 200 https://registry.npmjs.org/yargs-parser 54ms (cache miss)
646 silly packumentCache full:https://registry.npmjs.org/yargs-parser set size:undefined disposed:false
647 http fetch GET 200 https://registry.npmjs.org/require-directory 60ms (cache miss)
648 silly packumentCache full:https://registry.npmjs.org/require-directory set size:undefined disposed:false
649 http fetch GET 200 https://registry.npmjs.org/require-main-filename 58ms (cache miss)
650 silly packumentCache full:https://registry.npmjs.org/require-main-filename set size:undefined disposed:false
651 http fetch GET 200 https://registry.npmjs.org/set-blocking 217ms (cache miss)
652 silly packumentCache full:https://registry.npmjs.org/set-blocking set size:undefined disposed:false
653 http fetch GET 200 https://registry.npmjs.org/which-module 256ms (cache miss)
654 silly packumentCache full:https://registry.npmjs.org/which-module set size:undefined disposed:false
655 silly placeDep ROOT performance-now@2.1.0 OK for: raf@3.4.1 want: ^2.1.0
656 silly placeDep ROOT scheduler@0.27.0 OK for: react-dom@19.2.8 want: ^0.27.0
657 silly placeDep ROOT @img/colour@1.1.0 OK for: sharp@0.34.5 want: ^1.0.0
658 silly placeDep ROOT @img/sharp-darwin-arm64@0.34.5 OK for: sharp@0.34.5 want: 0.34.5
659 silly placeDep ROOT @img/sharp-darwin-x64@0.34.5 OK for: sharp@0.34.5 want: 0.34.5
660 silly placeDep ROOT @img/sharp-libvips-darwin-arm64@1.2.4 OK for: sharp@0.34.5 want: 1.2.4
661 silly placeDep ROOT @img/sharp-libvips-darwin-x64@1.2.4 OK for: sharp@0.34.5 want: 1.2.4
662 silly placeDep ROOT @img/sharp-libvips-linux-arm@1.2.4 OK for: sharp@0.34.5 want: 1.2.4
663 silly placeDep ROOT @img/sharp-libvips-linux-arm64@1.2.4 OK for: sharp@0.34.5 want: 1.2.4
664 silly placeDep ROOT @img/sharp-libvips-linux-ppc64@1.2.4 OK for: sharp@0.34.5 want: 1.2.4
665 silly placeDep ROOT @img/sharp-libvips-linux-riscv64@1.2.4 OK for: sharp@0.34.5 want: 1.2.4
666 silly placeDep ROOT @img/sharp-libvips-linux-s390x@1.2.4 OK for: sharp@0.34.5 want: 1.2.4
667 silly placeDep ROOT @img/sharp-libvips-linux-x64@1.2.4 OK for: sharp@0.34.5 want: 1.2.4
668 silly placeDep ROOT @img/sharp-libvips-linuxmusl-arm64@1.2.4 OK for: sharp@0.34.5 want: 1.2.4
669 silly placeDep ROOT @img/sharp-libvips-linuxmusl-x64@1.2.4 OK for: sharp@0.34.5 want: 1.2.4
670 silly placeDep ROOT @img/sharp-linux-arm@0.34.5 OK for: sharp@0.34.5 want: 0.34.5
671 silly placeDep ROOT @img/sharp-linux-arm64@0.34.5 OK for: sharp@0.34.5 want: 0.34.5
672 silly placeDep ROOT @img/sharp-linux-ppc64@0.34.5 OK for: sharp@0.34.5 want: 0.34.5
673 silly placeDep ROOT @img/sharp-linux-riscv64@0.34.5 OK for: sharp@0.34.5 want: 0.34.5
674 silly placeDep ROOT @img/sharp-linux-s390x@0.34.5 OK for: sharp@0.34.5 want: 0.34.5
675 silly placeDep ROOT @img/sharp-linux-x64@0.34.5 OK for: sharp@0.34.5 want: 0.34.5
676 silly placeDep ROOT @img/sharp-linuxmusl-arm64@0.34.5 OK for: sharp@0.34.5 want: 0.34.5
677 silly placeDep ROOT @img/sharp-linuxmusl-x64@0.34.5 OK for: sharp@0.34.5 want: 0.34.5
678 silly placeDep ROOT @img/sharp-wasm32@0.34.5 OK for: sharp@0.34.5 want: 0.34.5
679 silly placeDep ROOT @img/sharp-win32-arm64@0.34.5 OK for: sharp@0.34.5 want: 0.34.5
680 silly placeDep ROOT @img/sharp-win32-ia32@0.34.5 OK for: sharp@0.34.5 want: 0.34.5
681 silly placeDep ROOT @img/sharp-win32-x64@0.34.5 OK for: sharp@0.34.5 want: 0.34.5
682 silly placeDep ROOT detect-libc@2.1.2 OK for: sharp@0.34.5 want: ^2.1.2
683 silly placeDep ROOT semver@7.8.5 OK for: sharp@0.34.5 want: ^7.7.3
684 silly fetch manifest @emnapi/runtime@^1.7.0
685 silly packumentCache full:https://registry.npmjs.org/@emnapi%2fruntime cache-miss
686 http fetch GET 200 https://registry.npmjs.org/@emnapi%2fruntime 90ms (cache miss)
687 silly packumentCache full:https://registry.npmjs.org/@emnapi%2fruntime set size:undefined disposed:false
688 silly placeDep ROOT @emnapi/runtime@1.11.3 OK for: @img/sharp-wasm32@0.34.5 want: ^1.7.0
689 silly placeDep ROOT client-only@0.0.1 OK for: styled-jsx@5.1.6 want: 0.0.1
690 silly fetch manifest postcss@^8.4.47
691 silly packumentCache full:https://registry.npmjs.org/postcss cache-hit
692 silly fetch manifest tsx@^4.8.1
693 silly packumentCache full:https://registry.npmjs.org/tsx cache-miss
694 http fetch GET 200 https://registry.npmjs.org/tsx 66ms (cache miss)
695 silly packumentCache full:https://registry.npmjs.org/tsx set size:undefined disposed:false
696 silly fetch manifest yaml@^2.4.2
697 silly packumentCache full:https://registry.npmjs.org/yaml cache-miss
698 http fetch GET 200 https://registry.npmjs.org/yaml 61ms (cache miss)
699 silly packumentCache full:https://registry.npmjs.org/yaml set size:undefined disposed:false
700 silly placeDep ROOT @alloc/quick-lru@5.2.0 OK for: tailwindcss@3.4.19 want: ^5.2.0
701 silly placeDep ROOT arg@5.0.2 OK for: tailwindcss@3.4.19 want: ^5.0.2
702 silly placeDep ROOT chokidar@3.6.0 OK for: tailwindcss@3.4.19 want: ^3.6.0
703 silly placeDep ROOT didyoumean@1.2.2 OK for: tailwindcss@3.4.19 want: ^1.2.2
704 silly placeDep ROOT dlv@1.1.3 OK for: tailwindcss@3.4.19 want: ^1.1.3
705 silly placeDep ROOT fast-glob@3.3.3 OK for: tailwindcss@3.4.19 want: ^3.3.2
706 silly placeDep ROOT glob-parent@6.0.2 OK for: tailwindcss@3.4.19 want: ^6.0.2
707 silly placeDep ROOT is-glob@4.0.3 OK for: tailwindcss@3.4.19 want: ^4.0.3
708 silly placeDep ROOT jiti@1.21.7 OK for: tailwindcss@3.4.19 want: ^1.21.7
709 silly placeDep ROOT lilconfig@3.1.3 OK for: tailwindcss@3.4.19 want: ^3.1.3
710 silly placeDep ROOT micromatch@4.0.8 OK for: tailwindcss@3.4.19 want: ^4.0.8
711 silly placeDep ROOT normalize-path@3.0.0 OK for: tailwindcss@3.4.19 want: ^3.0.0
712 silly placeDep ROOT object-hash@3.0.0 OK for: tailwindcss@3.4.19 want: ^3.0.0
713 silly placeDep ROOT postcss-import@15.1.0 OK for: tailwindcss@3.4.19 want: ^15.1.0
714 silly placeDep ROOT postcss-js@4.1.0 OK for: tailwindcss@3.4.19 want: ^4.0.1
715 silly placeDep ROOT postcss-load-config@6.0.1 OK for: tailwindcss@3.4.19 want: ^4.0.2 || ^5.0 || ^6.0
716 silly placeDep ROOT postcss-nested@6.2.0 OK for: tailwindcss@3.4.19 want: ^6.2.0
717 silly placeDep ROOT postcss-selector-parser@6.1.4 OK for: tailwindcss@3.4.19 want: ^6.1.2
718 silly placeDep ROOT resolve@1.22.12 OK for: tailwindcss@3.4.19 want: ^1.22.8
719 silly placeDep ROOT sucrase@3.35.1 OK for: tailwindcss@3.4.19 want: ^3.35.0
720 silly fetch manifest braces@~3.0.2
721 silly packumentCache full:https://registry.npmjs.org/braces cache-miss
722 silly fetch manifest is-glob@~4.0.1
723 silly packumentCache full:https://registry.npmjs.org/is-glob cache-miss
724 silly fetch manifest anymatch@~3.1.2
725 silly packumentCache full:https://registry.npmjs.org/anymatch cache-miss
726 silly fetch manifest readdirp@~3.6.0
727 silly packumentCache full:https://registry.npmjs.org/readdirp cache-miss
728 silly fetch manifest glob-parent@~5.1.2
729 silly packumentCache full:https://registry.npmjs.org/glob-parent cache-miss
730 silly fetch manifest is-binary-path@~2.1.0
731 silly packumentCache full:https://registry.npmjs.org/is-binary-path cache-miss
732 silly fetch manifest normalize-path@~3.0.0
733 silly packumentCache full:https://registry.npmjs.org/normalize-path cache-miss
734 http cache https://registry.npmjs.org/normalize-path 4ms (cache hit)
735 silly packumentCache full:https://registry.npmjs.org/normalize-path set size:28713 disposed:false
736 silly fetch manifest fsevents@~2.3.2
737 silly packumentCache full:https://registry.npmjs.org/fsevents cache-miss
738 http cache https://registry.npmjs.org/glob-parent 5ms (cache hit)
739 silly packumentCache full:https://registry.npmjs.org/glob-parent set size:42445 disposed:false
740 silly fetch manifest @nodelib/fs.stat@^2.0.2
741 silly packumentCache full:https://registry.npmjs.org/@nodelib%2ffs.stat cache-miss
742 http cache https://registry.npmjs.org/is-glob 6ms (cache hit)
743 silly packumentCache full:https://registry.npmjs.org/is-glob set size:40530 disposed:false
744 silly fetch manifest @nodelib/fs.walk@^1.2.3
745 silly packumentCache full:https://registry.npmjs.org/@nodelib%2ffs.walk cache-miss
746 http fetch GET 200 https://registry.npmjs.org/is-binary-path 52ms (cache miss)
747 silly packumentCache full:https://registry.npmjs.org/is-binary-path set size:undefined disposed:false
748 silly fetch manifest glob-parent@^5.1.2
749 silly packumentCache full:https://registry.npmjs.org/glob-parent cache-hit
750 silly fetch manifest merge2@^1.3.0
751 silly packumentCache full:https://registry.npmjs.org/merge2 cache-miss
752 http fetch GET 200 https://registry.npmjs.org/@nodelib%2ffs.walk 54ms (cache miss)
753 silly packumentCache full:https://registry.npmjs.org/@nodelib%2ffs.walk set size:undefined disposed:false
754 silly fetch manifest is-extglob@^2.1.1
755 silly packumentCache full:https://registry.npmjs.org/is-extglob cache-miss
756 http fetch GET 200 https://registry.npmjs.org/braces 64ms (cache miss)
757 silly packumentCache full:https://registry.npmjs.org/braces set size:undefined disposed:false
758 silly fetch manifest braces@^3.0.3
759 silly packumentCache full:https://registry.npmjs.org/braces cache-miss
760 http cache https://registry.npmjs.org/braces 2ms (cache hit)
761 silly packumentCache full:https://registry.npmjs.org/braces set size:114529 disposed:false
762 silly fetch manifest picomatch@^2.3.1
763 silly packumentCache full:https://registry.npmjs.org/picomatch cache-miss
764 http fetch GET 200 https://registry.npmjs.org/anymatch 70ms (cache miss)
765 silly packumentCache full:https://registry.npmjs.org/anymatch set size:undefined disposed:false
766 silly fetch manifest resolve@^1.1.7
767 silly packumentCache full:https://registry.npmjs.org/resolve cache-miss
768 http cache https://registry.npmjs.org/resolve 3ms (cache hit)
769 silly packumentCache full:https://registry.npmjs.org/resolve set size:244568 disposed:false
770 silly fetch manifest read-cache@^1.0.0
771 silly packumentCache full:https://registry.npmjs.org/read-cache cache-miss
772 http fetch GET 200 https://registry.npmjs.org/readdirp 77ms (cache miss)
773 silly packumentCache full:https://registry.npmjs.org/readdirp set size:undefined disposed:false
774 silly fetch manifest camelcase-css@^2.0.1
775 silly packumentCache full:https://registry.npmjs.org/camelcase-css cache-miss
776 http fetch GET 200 https://registry.npmjs.org/fsevents 92ms (cache miss)
777 silly packumentCache full:https://registry.npmjs.org/fsevents set size:undefined disposed:false
778 silly fetch manifest postcss-selector-parser@^6.1.1
779 silly packumentCache full:https://registry.npmjs.org/postcss-selector-parser cache-miss
780 http cache https://registry.npmjs.org/postcss-selector-parser 1ms (cache hit)
781 silly packumentCache full:https://registry.npmjs.org/postcss-selector-parser set size:193966 disposed:false
782 silly fetch manifest cssesc@^3.0.0
783 silly packumentCache full:https://registry.npmjs.org/cssesc cache-miss
784 http fetch GET 200 https://registry.npmjs.org/read-cache 61ms (cache miss)
785 silly packumentCache full:https://registry.npmjs.org/read-cache set size:undefined disposed:false
786 silly fetch manifest util-deprecate@^1.0.2
787 silly packumentCache full:https://registry.npmjs.org/util-deprecate cache-miss
788 http fetch GET 200 https://registry.npmjs.org/picomatch 71ms (cache miss)
789 silly packumentCache full:https://registry.npmjs.org/picomatch set size:undefined disposed:false
790 silly fetch manifest es-errors@^1.3.0
791 silly packumentCache full:https://registry.npmjs.org/es-errors cache-miss
792 http fetch GET 200 https://registry.npmjs.org/camelcase-css 62ms (cache miss)
793 silly packumentCache full:https://registry.npmjs.org/camelcase-css set size:undefined disposed:false
794 silly fetch manifest path-parse@^1.0.7
795 silly packumentCache full:https://registry.npmjs.org/path-parse cache-miss
796 http fetch GET 200 https://registry.npmjs.org/cssesc 58ms (cache miss)
797 silly packumentCache full:https://registry.npmjs.org/cssesc set size:undefined disposed:false
798 silly fetch manifest is-core-module@^2.16.1
799 silly packumentCache full:https://registry.npmjs.org/is-core-module cache-miss
800 http fetch GET 200 https://registry.npmjs.org/util-deprecate 58ms (cache miss)
801 silly packumentCache full:https://registry.npmjs.org/util-deprecate set size:undefined disposed:false
802 silly fetch manifest supports-preserve-symlinks-flag@^1.0.0
803 silly packumentCache full:https://registry.npmjs.org/supports-preserve-symlinks-flag cache-miss
804 http fetch GET 200 https://registry.npmjs.org/es-errors 58ms (cache miss)
805 silly packumentCache full:https://registry.npmjs.org/es-errors set size:undefined disposed:false
806 silly fetch manifest @jridgewell/gen-mapping@^0.3.2
807 silly packumentCache full:https://registry.npmjs.org/@jridgewell%2fgen-mapping cache-miss
808 http fetch GET 200 https://registry.npmjs.org/path-parse 57ms (cache miss)
809 silly packumentCache full:https://registry.npmjs.org/path-parse set size:undefined disposed:false
810 silly fetch manifest commander@^4.0.0
811 silly packumentCache full:https://registry.npmjs.org/commander cache-miss
812 http fetch GET 200 https://registry.npmjs.org/is-core-module 69ms (cache miss)
813 silly packumentCache full:https://registry.npmjs.org/is-core-module set size:undefined disposed:false
814 silly fetch manifest lines-and-columns@^1.1.6
815 silly packumentCache full:https://registry.npmjs.org/lines-and-columns cache-miss
816 http fetch GET 200 https://registry.npmjs.org/supports-preserve-symlinks-flag 57ms (cache miss)
817 silly packumentCache full:https://registry.npmjs.org/supports-preserve-symlinks-flag set size:undefined disposed:false
818 silly fetch manifest mz@^2.7.0
819 silly packumentCache full:https://registry.npmjs.org/mz cache-miss
820 http fetch GET 200 https://registry.npmjs.org/@jridgewell%2fgen-mapping 78ms (cache miss)
821 silly packumentCache full:https://registry.npmjs.org/@jridgewell%2fgen-mapping set size:undefined disposed:false
822 silly fetch manifest pirates@^4.0.1
823 silly packumentCache full:https://registry.npmjs.org/pirates cache-miss
824 http fetch GET 200 https://registry.npmjs.org/lines-and-columns 69ms (cache miss)
825 silly packumentCache full:https://registry.npmjs.org/lines-and-columns set size:undefined disposed:false
826 silly fetch manifest tinyglobby@^0.2.11
827 silly packumentCache full:https://registry.npmjs.org/tinyglobby cache-miss
828 http fetch GET 200 https://registry.npmjs.org/commander 103ms (cache miss)
829 silly packumentCache full:https://registry.npmjs.org/commander set size:undefined disposed:false
830 silly fetch manifest ts-interface-checker@^0.1.9
831 silly packumentCache full:https://registry.npmjs.org/ts-interface-checker cache-miss
832 http fetch GET 200 https://registry.npmjs.org/is-extglob 251ms (cache miss)
833 silly packumentCache full:https://registry.npmjs.org/is-extglob set size:undefined disposed:false
834 http fetch GET 200 https://registry.npmjs.org/mz 59ms (cache miss)
835 silly packumentCache full:https://registry.npmjs.org/mz set size:undefined disposed:false
836 http fetch GET 200 https://registry.npmjs.org/pirates 64ms (cache miss)
837 silly packumentCache full:https://registry.npmjs.org/pirates set size:undefined disposed:false
838 http fetch GET 200 https://registry.npmjs.org/tinyglobby 61ms (cache miss)
839 silly packumentCache full:https://registry.npmjs.org/tinyglobby set size:undefined disposed:false
840 http fetch GET 200 https://registry.npmjs.org/ts-interface-checker 63ms (cache miss)
841 silly packumentCache full:https://registry.npmjs.org/ts-interface-checker set size:undefined disposed:false
842 http fetch GET 200 https://registry.npmjs.org/@nodelib%2ffs.stat 475ms (cache miss)
843 silly packumentCache full:https://registry.npmjs.org/@nodelib%2ffs.stat set size:undefined disposed:false
844 http fetch GET 200 https://registry.npmjs.org/merge2 667ms (cache miss)
845 silly packumentCache full:https://registry.npmjs.org/merge2 set size:undefined disposed:false
846 silly placeDep ROOT anymatch@3.1.3 OK for: chokidar@3.6.0 want: ~3.1.2
847 silly placeDep ROOT braces@3.0.3 OK for: chokidar@3.6.0 want: ~3.0.2
848 silly placeDep ROOT fsevents@2.3.3 OK for: chokidar@3.6.0 want: ~2.3.2
849 silly placeDep node_modules/chokidar glob-parent@5.1.2 OK for: chokidar@3.6.0 want: ~5.1.2
850 silly placeDep ROOT is-binary-path@2.1.0 OK for: chokidar@3.6.0 want: ~2.1.0
851 silly placeDep ROOT readdirp@3.6.0 OK for: chokidar@3.6.0 want: ~3.6.0
852 silly fetch manifest picomatch@^2.0.4
853 silly packumentCache full:https://registry.npmjs.org/picomatch cache-miss
854 silly fetch manifest fill-range@^7.1.1
855 silly packumentCache full:https://registry.npmjs.org/fill-range cache-miss
856 silly fetch manifest binary-extensions@^2.0.0
857 silly packumentCache full:https://registry.npmjs.org/binary-extensions cache-miss
858 silly fetch manifest picomatch@^2.2.1
859 silly packumentCache full:https://registry.npmjs.org/picomatch cache-miss
860 http cache https://registry.npmjs.org/picomatch 3ms (cache hit)
861 silly packumentCache full:https://registry.npmjs.org/picomatch set size:128942 disposed:false
862 http cache https://registry.npmjs.org/picomatch 5ms (cache hit)
863 silly packumentCache full:https://registry.npmjs.org/picomatch set size:128942 disposed:false
864 silly packumentCache full:https://registry.npmjs.org/picomatch dispose
865 http fetch GET 200 https://registry.npmjs.org/fill-range 45ms (cache miss)
866 silly packumentCache full:https://registry.npmjs.org/fill-range set size:undefined disposed:false
867 http fetch GET 200 https://registry.npmjs.org/binary-extensions 61ms (cache miss)
868 silly packumentCache full:https://registry.npmjs.org/binary-extensions set size:undefined disposed:false
869 silly placeDep ROOT picomatch@2.3.2 OK for: anymatch@3.1.3 want: ^2.0.4
870 silly placeDep ROOT fill-range@7.1.1 OK for: braces@3.0.3 want: ^7.1.1
871 silly fetch manifest to-regex-range@^5.0.1
872 silly packumentCache full:https://registry.npmjs.org/to-regex-range cache-miss
873 http fetch GET 200 https://registry.npmjs.org/to-regex-range 72ms (cache miss)
874 silly packumentCache full:https://registry.npmjs.org/to-regex-range set size:undefined disposed:false
875 silly placeDep ROOT @nodelib/fs.stat@2.0.5 OK for: fast-glob@3.3.3 want: ^2.0.2
876 silly placeDep ROOT @nodelib/fs.walk@1.2.8 OK for: fast-glob@3.3.3 want: ^1.2.3
877 silly placeDep node_modules/fast-glob glob-parent@5.1.2 OK for: fast-glob@3.3.3 want: ^5.1.2
878 silly placeDep ROOT merge2@1.4.1 OK for: fast-glob@3.3.3 want: ^1.3.0
879 silly fetch manifest fastq@^1.6.0
880 silly packumentCache full:https://registry.npmjs.org/fastq cache-miss
881 silly fetch manifest @nodelib/fs.scandir@2.1.5
882 silly packumentCache full:https://registry.npmjs.org/@nodelib%2ffs.scandir cache-miss
883 http fetch GET 200 https://registry.npmjs.org/@nodelib%2ffs.scandir 72ms (cache miss)
884 silly packumentCache full:https://registry.npmjs.org/@nodelib%2ffs.scandir set size:undefined disposed:false
885 http fetch GET 200 https://registry.npmjs.org/fastq 72ms (cache miss)
886 silly packumentCache full:https://registry.npmjs.org/fastq set size:undefined disposed:false
887 silly placeDep ROOT @nodelib/fs.scandir@2.1.5 OK for: @nodelib/fs.walk@1.2.8 want: 2.1.5
888 silly placeDep ROOT fastq@1.20.1 OK for: @nodelib/fs.walk@1.2.8 want: ^1.6.0
889 silly fetch manifest run-parallel@^1.1.9
890 silly packumentCache full:https://registry.npmjs.org/run-parallel cache-miss
891 silly fetch manifest reusify@^1.0.4
892 silly packumentCache full:https://registry.npmjs.org/reusify cache-miss
893 http fetch GET 200 https://registry.npmjs.org/reusify 55ms (cache miss)
894 silly packumentCache full:https://registry.npmjs.org/reusify set size:undefined disposed:false
895 http fetch GET 200 https://registry.npmjs.org/run-parallel 56ms (cache miss)
896 silly packumentCache full:https://registry.npmjs.org/run-parallel set size:undefined disposed:false
897 silly placeDep ROOT run-parallel@1.2.0 OK for: @nodelib/fs.scandir@2.1.5 want: ^1.1.9
898 silly fetch manifest queue-microtask@^1.2.2
899 silly packumentCache full:https://registry.npmjs.org/queue-microtask cache-miss
900 http fetch GET 200 https://registry.npmjs.org/queue-microtask 49ms (cache miss)
901 silly packumentCache full:https://registry.npmjs.org/queue-microtask set size:undefined disposed:false
902 silly placeDep ROOT reusify@1.1.0 OK for: fastq@1.20.1 want: ^1.0.4
903 silly placeDep ROOT to-regex-range@5.0.1 OK for: fill-range@7.1.1 want: ^5.0.1
904 silly fetch manifest is-number@^7.0.0
905 silly packumentCache full:https://registry.npmjs.org/is-number cache-miss
906 http fetch GET 200 https://registry.npmjs.org/is-number 61ms (cache miss)
907 silly packumentCache full:https://registry.npmjs.org/is-number set size:undefined disposed:false
908 silly placeDep ROOT binary-extensions@2.3.0 OK for: is-binary-path@2.1.0 want: ^2.0.0
909 silly placeDep ROOT is-extglob@2.1.1 OK for: is-glob@4.0.3 want: ^2.1.1
910 silly placeDep ROOT read-cache@1.0.0 OK for: postcss-import@15.1.0 want: ^1.0.0
911 silly fetch manifest pify@^2.3.0
912 silly packumentCache full:https://registry.npmjs.org/pify cache-miss
913 http fetch GET 200 https://registry.npmjs.org/pify 62ms (cache miss)
914 silly packumentCache full:https://registry.npmjs.org/pify set size:undefined disposed:false
915 silly placeDep ROOT camelcase-css@2.0.1 OK for: postcss-js@4.1.0 want: ^2.0.1
916 silly placeDep ROOT cssesc@3.0.0 OK for: postcss-selector-parser@6.1.4 want: ^3.0.0
917 silly placeDep ROOT util-deprecate@1.0.2 OK for: postcss-selector-parser@6.1.4 want: ^1.0.2
918 silly placeDep ROOT pify@2.3.0 OK for: read-cache@1.0.0 want: ^2.3.0
919 silly placeDep ROOT es-errors@1.3.0 OK for: resolve@1.22.12 want: ^1.3.0
920 silly placeDep ROOT is-core-module@2.16.2 OK for: resolve@1.22.12 want: ^2.16.1
921 silly placeDep ROOT path-parse@1.0.7 OK for: resolve@1.22.12 want: ^1.0.7
922 silly placeDep ROOT supports-preserve-symlinks-flag@1.0.0 OK for: resolve@1.22.12 want: ^1.0.0
923 silly fetch manifest hasown@^2.0.3
924 silly packumentCache full:https://registry.npmjs.org/hasown cache-miss
925 http fetch GET 200 https://registry.npmjs.org/hasown 56ms (cache miss)
926 silly packumentCache full:https://registry.npmjs.org/hasown set size:undefined disposed:false
927 silly placeDep ROOT hasown@2.0.4 OK for: is-core-module@2.16.2 want: ^2.0.3
928 silly fetch manifest function-bind@^1.1.2
929 silly packumentCache full:https://registry.npmjs.org/function-bind cache-miss
930 http fetch GET 200 https://registry.npmjs.org/function-bind 56ms (cache miss)
931 silly packumentCache full:https://registry.npmjs.org/function-bind set size:undefined disposed:false
932 silly placeDep ROOT function-bind@1.1.2 OK for: hasown@2.0.4 want: ^1.1.2
933 silly placeDep ROOT queue-microtask@1.2.3 OK for: run-parallel@1.2.0 want: ^1.2.2
934 silly placeDep ROOT @jridgewell/gen-mapping@0.3.13 OK for: sucrase@3.35.1 want: ^0.3.2
935 silly placeDep ROOT commander@4.1.1 OK for: sucrase@3.35.1 want: ^4.0.0
936 silly placeDep ROOT lines-and-columns@1.2.4 OK for: sucrase@3.35.1 want: ^1.1.6
937 silly placeDep ROOT mz@2.7.0 OK for: sucrase@3.35.1 want: ^2.7.0
938 silly placeDep ROOT pirates@4.0.7 OK for: sucrase@3.35.1 want: ^4.0.1
939 silly placeDep ROOT tinyglobby@0.2.17 OK for: sucrase@3.35.1 want: ^0.2.11
940 silly placeDep ROOT ts-interface-checker@0.1.13 OK for: sucrase@3.35.1 want: ^0.1.9
941 silly fetch manifest @jridgewell/trace-mapping@^0.3.24
942 silly packumentCache full:https://registry.npmjs.org/@jridgewell%2ftrace-mapping cache-miss
943 silly fetch manifest @jridgewell/sourcemap-codec@^1.5.0
944 silly packumentCache full:https://registry.npmjs.org/@jridgewell%2fsourcemap-codec cache-miss
945 silly fetch manifest any-promise@^1.0.0
946 silly packumentCache full:https://registry.npmjs.org/any-promise cache-miss
947 silly fetch manifest object-assign@^4.0.1
948 silly packumentCache full:https://registry.npmjs.org/object-assign cache-miss
949 silly fetch manifest thenify-all@^1.0.0
950 silly packumentCache full:https://registry.npmjs.org/thenify-all cache-miss
951 silly fetch manifest fdir@^6.5.0
952 silly packumentCache full:https://registry.npmjs.org/fdir cache-miss
953 silly fetch manifest picomatch@^4.0.4
954 silly packumentCache full:https://registry.npmjs.org/picomatch cache-hit
955 http fetch GET 200 https://registry.npmjs.org/any-promise 44ms (cache miss)
956 silly packumentCache full:https://registry.npmjs.org/any-promise set size:undefined disposed:false
957 http fetch GET 200 https://registry.npmjs.org/@jridgewell%2ftrace-mapping 58ms (cache miss)
958 silly packumentCache full:https://registry.npmjs.org/@jridgewell%2ftrace-mapping set size:undefined disposed:false
959 http fetch GET 200 https://registry.npmjs.org/thenify-all 64ms (cache miss)
960 silly packumentCache full:https://registry.npmjs.org/thenify-all set size:undefined disposed:false
961 http fetch GET 200 https://registry.npmjs.org/object-assign 64ms (cache miss)
962 silly packumentCache full:https://registry.npmjs.org/object-assign set size:undefined disposed:false
963 http fetch GET 200 https://registry.npmjs.org/@jridgewell%2fsourcemap-codec 65ms (cache miss)
964 silly packumentCache full:https://registry.npmjs.org/@jridgewell%2fsourcemap-codec set size:undefined disposed:false
965 http fetch GET 200 https://registry.npmjs.org/fdir 77ms (cache miss)
966 silly packumentCache full:https://registry.npmjs.org/fdir set size:undefined disposed:false
967 silly placeDep ROOT @jridgewell/sourcemap-codec@1.5.5 OK for: @jridgewell/gen-mapping@0.3.13 want: ^1.5.0
968 silly placeDep ROOT @jridgewell/trace-mapping@0.3.31 OK for: @jridgewell/gen-mapping@0.3.13 want: ^0.3.24
969 silly fetch manifest @jridgewell/resolve-uri@^3.1.0
970 silly packumentCache full:https://registry.npmjs.org/@jridgewell%2fresolve-uri cache-miss
971 http fetch GET 200 https://registry.npmjs.org/@jridgewell%2fresolve-uri 89ms (cache miss)
972 silly packumentCache full:https://registry.npmjs.org/@jridgewell%2fresolve-uri set size:undefined disposed:false
973 silly placeDep ROOT @jridgewell/resolve-uri@3.1.2 OK for: @jridgewell/trace-mapping@0.3.31 want: ^3.1.0
974 silly placeDep ROOT any-promise@1.3.0 OK for: mz@2.7.0 want: ^1.0.0
975 silly placeDep ROOT object-assign@4.1.1 OK for: mz@2.7.0 want: ^4.0.1
976 silly placeDep ROOT thenify-all@1.6.0 OK for: mz@2.7.0 want: ^1.0.0
977 silly fetch manifest thenify@>= 3.1.0 < 4
978 silly packumentCache full:https://registry.npmjs.org/thenify cache-miss
979 http fetch GET 200 https://registry.npmjs.org/thenify 52ms (cache miss)
980 silly packumentCache full:https://registry.npmjs.org/thenify set size:undefined disposed:false
981 silly placeDep ROOT thenify@3.3.1 OK for: thenify-all@1.6.0 want: >= 3.1.0 < 4
982 silly placeDep node_modules/tinyglobby fdir@6.5.0 OK for: tinyglobby@0.2.17 want: ^6.5.0
983 silly placeDep node_modules/tinyglobby picomatch@4.0.5 OK for: fdir@6.5.0 want: ^3 || ^4
984 silly placeDep ROOT is-number@7.0.0 OK for: to-regex-range@5.0.1 want: ^7.0.0
985 silly placeDep ROOT escalade@3.2.0 OK for: update-browserslist-db@1.2.3 want: ^3.2.0
986 silly placeDep ROOT base64-arraybuffer@1.0.2 OK for: utrie@1.0.2 want: ^1.0.2
987 silly placeDep ROOT cliui@6.0.0 OK for: yargs@15.4.1 want: ^6.0.0
988 silly placeDep ROOT decamelize@1.2.0 OK for: yargs@15.4.1 want: ^1.2.0
989 silly placeDep ROOT find-up@4.1.0 OK for: yargs@15.4.1 want: ^4.1.0
990 silly placeDep ROOT get-caller-file@2.0.5 OK for: yargs@15.4.1 want: ^2.0.1
991 silly placeDep ROOT require-directory@2.1.1 OK for: yargs@15.4.1 want: ^2.1.1
992 silly placeDep ROOT require-main-filename@2.0.0 OK for: yargs@15.4.1 want: ^2.0.0
993 silly placeDep ROOT set-blocking@2.0.0 OK for: yargs@15.4.1 want: ^2.0.0
994 silly placeDep ROOT string-width@4.2.3 OK for: yargs@15.4.1 want: ^4.2.0
995 silly placeDep ROOT which-module@2.0.1 OK for: yargs@15.4.1 want: ^2.0.0
996 silly placeDep ROOT y18n@4.0.3 OK for: yargs@15.4.1 want: ^4.0.0
997 silly placeDep ROOT yargs-parser@18.1.3 OK for: yargs@15.4.1 want: ^18.1.2
998 silly fetch manifest wrap-ansi@^6.2.0
999 silly packumentCache full:https://registry.npmjs.org/wrap-ansi cache-miss
1000 silly fetch manifest strip-ansi@^6.0.0
1001 silly packumentCache full:https://registry.npmjs.org/strip-ansi cache-miss
1002 silly fetch manifest locate-path@^5.0.0
1003 silly packumentCache full:https://registry.npmjs.org/locate-path cache-miss
1004 silly fetch manifest path-exists@^4.0.0
1005 silly packumentCache full:https://registry.npmjs.org/path-exists cache-miss
1006 silly fetch manifest strip-ansi@^6.0.1
1007 silly packumentCache full:https://registry.npmjs.org/strip-ansi cache-miss
1008 silly fetch manifest emoji-regex@^8.0.0
1009 silly packumentCache full:https://registry.npmjs.org/emoji-regex cache-miss
1010 silly fetch manifest is-fullwidth-code-point@^3.0.0
1011 silly packumentCache full:https://registry.npmjs.org/is-fullwidth-code-point cache-miss
1012 http fetch GET 200 https://registry.npmjs.org/is-fullwidth-code-point 45ms (cache miss)
1013 silly packumentCache full:https://registry.npmjs.org/is-fullwidth-code-point set size:undefined disposed:false
1014 silly fetch manifest camelcase@^5.0.0
1015 silly packumentCache full:https://registry.npmjs.org/camelcase cache-miss
1016 http fetch GET 200 https://registry.npmjs.org/path-exists 50ms (cache miss)
1017 silly packumentCache full:https://registry.npmjs.org/path-exists set size:undefined disposed:false
1018 http fetch GET 200 https://registry.npmjs.org/strip-ansi 61ms (cache miss)
1019 silly packumentCache full:https://registry.npmjs.org/strip-ansi set size:undefined disposed:false
1020 http fetch GET 200 https://registry.npmjs.org/locate-path 64ms (cache miss)
1021 silly packumentCache full:https://registry.npmjs.org/locate-path set size:undefined disposed:false
1022 http fetch GET 200 https://registry.npmjs.org/strip-ansi 66ms (cache miss)
1023 silly packumentCache full:https://registry.npmjs.org/strip-ansi set size:undefined disposed:false
1024 http fetch GET 200 https://registry.npmjs.org/emoji-regex 76ms (cache miss)
1025 silly packumentCache full:https://registry.npmjs.org/emoji-regex set size:undefined disposed:false
1026 http fetch GET 200 https://registry.npmjs.org/camelcase 43ms (cache miss)
1027 silly packumentCache full:https://registry.npmjs.org/camelcase set size:undefined disposed:false
1028 http fetch GET 200 https://registry.npmjs.org/wrap-ansi 245ms (cache miss)
1029 silly packumentCache full:https://registry.npmjs.org/wrap-ansi set size:undefined disposed:false
1030 silly placeDep ROOT strip-ansi@6.0.1 OK for: cliui@6.0.0 want: ^6.0.0
1031 silly placeDep ROOT wrap-ansi@6.2.0 OK for: cliui@6.0.0 want: ^6.2.0
1032 silly fetch manifest ansi-regex@^5.0.1
1033 silly packumentCache full:https://registry.npmjs.org/ansi-regex cache-miss
1034 silly fetch manifest ansi-styles@^4.0.0
1035 silly packumentCache full:https://registry.npmjs.org/ansi-styles cache-miss
1036 http fetch GET 200 https://registry.npmjs.org/ansi-regex 45ms (cache miss)
1037 silly packumentCache full:https://registry.npmjs.org/ansi-regex set size:undefined disposed:false
1038 http fetch GET 200 https://registry.npmjs.org/ansi-styles 60ms (cache miss)
1039 silly packumentCache full:https://registry.npmjs.org/ansi-styles set size:undefined disposed:false
1040 silly placeDep ROOT locate-path@5.0.0 OK for: find-up@4.1.0 want: ^5.0.0
1041 silly placeDep ROOT path-exists@4.0.0 OK for: find-up@4.1.0 want: ^4.0.0
1042 silly fetch manifest p-locate@^4.1.0
1043 silly packumentCache full:https://registry.npmjs.org/p-locate cache-miss
1044 http fetch GET 200 https://registry.npmjs.org/p-locate 58ms (cache miss)
1045 silly packumentCache full:https://registry.npmjs.org/p-locate set size:undefined disposed:false
1046 silly placeDep ROOT p-locate@4.1.0 OK for: locate-path@5.0.0 want: ^4.1.0
1047 silly fetch manifest p-limit@^2.2.0
1048 silly packumentCache full:https://registry.npmjs.org/p-limit cache-miss
1049 http fetch GET 200 https://registry.npmjs.org/p-limit 62ms (cache miss)
1050 silly packumentCache full:https://registry.npmjs.org/p-limit set size:undefined disposed:false
1051 silly placeDep ROOT p-limit@2.3.0 OK for: p-locate@4.1.0 want: ^2.2.0
1052 silly fetch manifest p-try@^2.0.0
1053 silly packumentCache full:https://registry.npmjs.org/p-try cache-miss
1054 http fetch GET 200 https://registry.npmjs.org/p-try 59ms (cache miss)
1055 silly packumentCache full:https://registry.npmjs.org/p-try set size:undefined disposed:false
1056 silly placeDep ROOT p-try@2.2.0 OK for: p-limit@2.3.0 want: ^2.0.0
1057 silly placeDep ROOT emoji-regex@8.0.0 OK for: string-width@4.2.3 want: ^8.0.0
1058 silly placeDep ROOT is-fullwidth-code-point@3.0.0 OK for: string-width@4.2.3 want: ^3.0.0
1059 silly placeDep ROOT ansi-regex@5.0.1 OK for: strip-ansi@6.0.1 want: ^5.0.1
1060 silly placeDep ROOT ansi-styles@4.3.0 OK for: wrap-ansi@6.2.0 want: ^4.0.0
1061 silly fetch manifest color-convert@^2.0.1
1062 silly packumentCache full:https://registry.npmjs.org/color-convert cache-miss
1063 http fetch GET 200 https://registry.npmjs.org/color-convert 44ms (cache miss)
1064 silly packumentCache full:https://registry.npmjs.org/color-convert set size:undefined disposed:false
1065 silly placeDep ROOT color-convert@2.0.1 OK for: ansi-styles@4.3.0 want: ^2.0.1
1066 silly fetch manifest color-name@~1.1.4
1067 silly packumentCache full:https://registry.npmjs.org/color-name cache-miss
1068 http fetch GET 200 https://registry.npmjs.org/color-name 43ms (cache miss)
1069 silly packumentCache full:https://registry.npmjs.org/color-name set size:undefined disposed:false
1070 silly placeDep ROOT color-name@1.1.4 OK for: color-convert@2.0.1 want: ~1.1.4
1071 silly placeDep ROOT camelcase@5.3.1 OK for: yargs-parser@18.1.3 want: ^5.0.0
1072 silly reify moves {}
1073 silly audit bulk request {
1073 silly audit   '@types/node': [ '24.13.3' ],
1073 silly audit   '@types/react': [ '19.2.17' ],
1073 silly audit   '@types/react-dom': [ '19.2.3' ],
1073 silly audit   autoprefixer: [ '10.5.4' ],
1073 silly audit   postcss: [ '8.5.23', '8.4.31' ],
1073 silly audit   'framer-motion': [ '11.18.2' ],
1073 silly audit   'html-to-image': [ '1.11.13' ],
1073 silly audit   jspdf: [ '3.0.4' ],
1073 silly audit   'lucide-react': [ '0.542.0' ],
1073 silly audit   react: [ '19.2.8' ],
1073 silly audit   next: [ '15.5.22' ],
1073 silly audit   'react-dom': [ '19.2.8' ],
1073 silly audit   qrcode: [ '1.5.4' ],
1073 silly audit   tailwindcss: [ '3.4.19' ],
1073 silly audit   typescript: [ '5.9.3' ],
1073 silly audit   'undici-types': [ '7.18.2' ],
1073 silly audit   csstype: [ '3.2.3' ],
1073 silly audit   browserslist: [ '4.28.7' ],
1073 silly audit   'caniuse-lite': [ '1.0.30001806' ],
1073 silly audit   'fraction.js': [ '5.3.4' ],
1073 silly audit   picocolors: [ '1.1.1' ],
1073 silly audit   'postcss-value-parser': [ '4.2.0' ],
1073 silly audit   'baseline-browser-mapping': [ '2.11.3' ],
1073 silly audit   'electron-to-chromium': [ '1.5.396' ],
1073 silly audit   'node-releases': [ '2.0.51' ],
1073 silly audit   'update-browserslist-db': [ '1.2.3' ],
1073 silly audit   'motion-dom': [ '11.18.1' ],
1073 silly audit   'motion-utils': [ '11.18.1' ],
1073 silly audit   tslib: [ '2.8.1' ],
1073 silly audit   '@babel/runtime': [ '7.29.7' ],
1073 silly audit   canvg: [ '3.0.11' ],
1073 silly audit   'core-js': [ '3.49.0' ],
1073 silly audit   dompurify: [ '3.4.12' ],
1073 silly audit   'fast-png': [ '6.4.0' ],
1073 silly audit   fflate: [ '0.8.3' ],
1073 silly audit   html2canvas: [ '1.4.1' ],
1073 silly audit   '@types/raf': [ '3.4.3' ],
1073 silly audit   raf: [ '3.4.1' ],
1073 silly audit   'regenerator-runtime': [ '0.13.11' ],
1073 silly audit   rgbcolor: [ '1.0.1' ],
1073 silly audit   'stackblur-canvas': [ '2.7.0' ],
1073 silly audit   'svg-pathdata': [ '6.0.3' ],
1073 silly audit   '@types/trusted-types': [ '2.0.7' ],
1073 silly audit   '@types/pako': [ '2.0.4' ],
1073 silly audit   iobuffer: [ '5.4.0' ],
1073 silly audit   pako: [ '2.2.0' ],
1073 silly audit   'css-line-break': [ '2.1.0' ],
1073 silly audit   'text-segmentation': [ '1.0.3' ],
1073 silly audit   utrie: [ '1.0.2' ],
1073 silly audit   '@next/env': [ '15.5.22' ],
1073 silly audit   '@next/swc-darwin-arm64': [ '15.5.22' ],
1073 silly audit   '@next/swc-darwin-x64': [ '15.5.22' ],
1073 silly audit   '@next/swc-linux-arm64-gnu': [ '15.5.22' ],
1073 silly audit   '@next/swc-linux-arm64-musl': [ '15.5.22' ],
1073 silly audit   '@next/swc-linux-x64-gnu': [ '15.5.22' ],
1073 silly audit   '@next/swc-linux-x64-musl': [ '15.5.22' ],
1073 silly audit   '@next/swc-win32-arm64-msvc': [ '15.5.22' ],
1073 silly audit   '@next/swc-win32-x64-msvc': [ '15.5.22' ],
1073 silly audit   '@swc/helpers': [ '0.5.15' ],
1073 silly audit   sharp: [ '0.34.5' ],
1073 silly audit   'styled-jsx': [ '5.1.6' ],
1073 silly audit   nanoid: [ '3.3.16' ],
1073 silly audit   'source-map-js': [ '1.2.1' ],
1073 silly audit   dijkstrajs: [ '1.0.3' ],
1073 silly audit   pngjs: [ '5.0.0' ],
1073 silly audit   yargs: [ '15.4.1' ],
1073 silly audit   'performance-now': [ '2.1.0' ],
1073 silly audit   scheduler: [ '0.27.0' ],
1073 silly audit   '@img/colour': [ '1.1.0' ],
1073 silly audit   '@img/sharp-darwin-arm64': [ '0.34.5' ],
1073 silly audit   '@img/sharp-darwin-x64': [ '0.34.5' ],
1073 silly audit   '@img/sharp-libvips-darwin-arm64': [ '1.2.4' ],
1073 silly audit   '@img/sharp-libvips-darwin-x64': [ '1.2.4' ],
1073 silly audit   '@img/sharp-libvips-linux-arm': [ '1.2.4' ],
1073 silly audit   '@img/sharp-libvips-linux-arm64': [ '1.2.4' ],
1073 silly audit   '@img/sharp-libvips-linux-ppc64': [ '1.2.4' ],
1073 silly audit   '@img/sharp-libvips-linux-riscv64': [ '1.2.4' ],
1073 silly audit   '@img/sharp-libvips-linux-s390x': [ '1.2.4' ],
1073 silly audit   '@img/sharp-libvips-linux-x64': [ '1.2.4' ],
1073 silly audit   '@img/sharp-libvips-linuxmusl-arm64': [ '1.2.4' ],
1073 silly audit   '@img/sharp-libvips-linuxmusl-x64': [ '1.2.4' ],
1073 silly audit   '@img/sharp-linux-arm': [ '0.34.5' ],
1073 silly audit   '@img/sharp-linux-arm64': [ '0.34.5' ],
1073 silly audit   '@img/sharp-linux-ppc64': [ '0.34.5' ],
1073 silly audit   '@img/sharp-linux-riscv64': [ '0.34.5' ],
1073 silly audit   '@img/sharp-linux-s390x': [ '0.34.5' ],
1073 silly audit   '@img/sharp-linux-x64': [ '0.34.5' ],
1073 silly audit   '@img/sharp-linuxmusl-arm64': [ '0.34.5' ],
1073 silly audit   '@img/sharp-linuxmusl-x64': [ '0.34.5' ],
1073 silly audit   '@img/sharp-wasm32': [ '0.34.5' ],
1073 silly audit   '@img/sharp-win32-arm64': [ '0.34.5' ],
1073 silly audit   '@img/sharp-win32-ia32': [ '0.34.5' ],
1073 silly audit   '@img/sharp-win32-x64': [ '0.34.5' ],
1073 silly audit   'detect-libc': [ '2.1.2' ],
1073 silly audit   semver: [ '7.8.5' ],
1073 silly audit   '@emnapi/runtime': [ '1.11.3' ],
1073 silly audit   'client-only': [ '0.0.1' ],
1073 silly audit   '@alloc/quick-lru': [ '5.2.0' ],
1073 silly audit   arg: [ '5.0.2' ],
1073 silly audit   chokidar: [ '3.6.0' ],
1073 silly audit   didyoumean: [ '1.2.2' ],
1073 silly audit   dlv: [ '1.1.3' ],
1073 silly audit   'fast-glob': [ '3.3.3' ],
1073 silly audit   'glob-parent': [ '6.0.2', '5.1.2' ],
1073 silly audit   'is-glob': [ '4.0.3' ],
1073 silly audit   jiti: [ '1.21.7' ],
1073 silly audit   lilconfig: [ '3.1.3' ],
1073 silly audit   micromatch: [ '4.0.8' ],
1073 silly audit   'normalize-path': [ '3.0.0' ],
1073 silly audit   'object-hash': [ '3.0.0' ],
1073 silly audit   'postcss-import': [ '15.1.0' ],
1073 silly audit   'postcss-js': [ '4.1.0' ],
1073 silly audit   'postcss-load-config': [ '6.0.1' ],
1073 silly audit   'postcss-nested': [ '6.2.0' ],
1073 silly audit   'postcss-selector-parser': [ '6.1.4' ],
1073 silly audit   resolve: [ '1.22.12' ],
1073 silly audit   sucrase: [ '3.35.1' ],
1073 silly audit   anymatch: [ '3.1.3' ],
1073 silly audit   braces: [ '3.0.3' ],
1073 silly audit   fsevents: [ '2.3.3' ],
1073 silly audit   'is-binary-path': [ '2.1.0' ],
1073 silly audit   readdirp: [ '3.6.0' ],
1073 silly audit   picomatch: [ '2.3.2', '4.0.5' ],
1073 silly audit   'fill-range': [ '7.1.1' ],
1073 silly audit   '@nodelib/fs.stat': [ '2.0.5' ],
1073 silly audit   '@nodelib/fs.walk': [ '1.2.8' ],
1073 silly audit   merge2: [ '1.4.1' ],
1073 silly audit   '@nodelib/fs.scandir': [ '2.1.5' ],
1073 silly audit   fastq: [ '1.20.1' ],
1073 silly audit   'run-parallel': [ '1.2.0' ],
1073 silly audit   reusify: [ '1.1.0' ],
1073 silly audit   'to-regex-range': [ '5.0.1' ],
1073 silly audit   'binary-extensions': [ '2.3.0' ],
1073 silly audit   'is-extglob': [ '2.1.1' ],
1073 silly audit   'read-cache': [ '1.0.0' ],
1073 silly audit   'camelcase-css': [ '2.0.1' ],
1073 silly audit   cssesc: [ '3.0.0' ],
1073 silly audit   'util-deprecate': [ '1.0.2' ],
1073 silly audit   pify: [ '2.3.0' ],
1073 silly audit   'es-errors': [ '1.3.0' ],
1073 silly audit   'is-core-module': [ '2.16.2' ],
1073 silly audit   'path-parse': [ '1.0.7' ],
1073 silly audit   'supports-preserve-symlinks-flag': [ '1.0.0' ],
1073 silly audit   hasown: [ '2.0.4' ],
1073 silly audit   'function-bind': [ '1.1.2' ],
1073 silly audit   'queue-microtask': [ '1.2.3' ],
1073 silly audit   '@jridgewell/gen-mapping': [ '0.3.13' ],
1073 silly audit   commander: [ '4.1.1' ],
1073 silly audit   'lines-and-columns': [ '1.2.4' ],
1073 silly audit   mz: [ '2.7.0' ],
1073 silly audit   pirates: [ '4.0.7' ],
1073 silly audit   tinyglobby: [ '0.2.17' ],
1073 silly audit   'ts-interface-checker': [ '0.1.13' ],
1073 silly audit   '@jridgewell/sourcemap-codec': [ '1.5.5' ],
1073 silly audit   '@jridgewell/trace-mapping': [ '0.3.31' ],
1073 silly audit   '@jridgewell/resolve-uri': [ '3.1.2' ],
1073 silly audit   'any-promise': [ '1.3.0' ],
1073 silly audit   'object-assign': [ '4.1.1' ],
1073 silly audit   'thenify-all': [ '1.6.0' ],
1073 silly audit   thenify: [ '3.3.1' ],
1073 silly audit   fdir: [ '6.5.0' ],
1073 silly audit   'is-number': [ '7.0.0' ],
1073 silly audit   escalade: [ '3.2.0' ],
1073 silly audit   'base64-arraybuffer': [ '1.0.2' ],
1073 silly audit   cliui: [ '6.0.0' ],
1073 silly audit   decamelize: [ '1.2.0' ],
1073 silly audit   'find-up': [ '4.1.0' ],
1073 silly audit   'get-caller-file': [ '2.0.5' ],
1073 silly audit   'require-directory': [ '2.1.1' ],
1073 silly audit   'require-main-filename': [ '2.0.0' ],
1073 silly audit   'set-blocking': [ '2.0.0' ],
1073 silly audit   'string-width': [ '4.2.3' ],
1073 silly audit   'which-module': [ '2.0.1' ],
1073 silly audit   y18n: [ '4.0.3' ],
1073 silly audit   'yargs-parser': [ '18.1.3' ],
1073 silly audit   'strip-ansi': [ '6.0.1' ],
1073 silly audit   'wrap-ansi': [ '6.2.0' ],
1073 silly audit   'locate-path': [ '5.0.0' ],
1073 silly audit   'path-exists': [ '4.0.0' ],
1073 silly audit   'p-locate': [ '4.1.0' ],
1073 silly audit   'p-limit': [ '2.3.0' ],
1073 silly audit   'p-try': [ '2.2.0' ],
1073 silly audit   'emoji-regex': [ '8.0.0' ],
1073 silly audit   'is-fullwidth-code-point': [ '3.0.0' ],
1073 silly audit   'ansi-regex': [ '5.0.1' ],
1073 silly audit   'ansi-styles': [ '4.3.0' ],
1073 silly audit   'color-convert': [ '2.0.1' ],
1073 silly audit   'color-name': [ '1.1.4' ],
1073 silly audit   camelcase: [ '5.3.1' ]
1073 silly audit }
1074 verbose reify failed optional dependency /Users/theonesysetem/StudioProjects/invitation/node_modules/@img/sharp-win32-x64
1075 silly reify mark deleted [
1075 silly reify   '/Users/theonesysetem/StudioProjects/invitation/node_modules/@img/sharp-win32-x64'
1075 silly reify ]
1076 verbose reify failed optional dependency /Users/theonesysetem/StudioProjects/invitation/node_modules/@img/sharp-win32-ia32
1077 silly reify mark deleted [
1077 silly reify   '/Users/theonesysetem/StudioProjects/invitation/node_modules/@img/sharp-win32-ia32'
1077 silly reify ]
1078 verbose reify failed optional dependency /Users/theonesysetem/StudioProjects/invitation/node_modules/@img/sharp-win32-arm64
1079 silly reify mark deleted [
1079 silly reify   '/Users/theonesysetem/StudioProjects/invitation/node_modules/@img/sharp-win32-arm64'
1079 silly reify ]
1080 verbose reify failed optional dependency /Users/theonesysetem/StudioProjects/invitation/node_modules/@img/sharp-wasm32
1081 silly reify mark deleted [
1081 silly reify   '/Users/theonesysetem/StudioProjects/invitation/node_modules/@img/sharp-wasm32'
1081 silly reify ]
1082 verbose reify failed optional dependency /Users/theonesysetem/StudioProjects/invitation/node_modules/@emnapi/runtime
1083 silly reify mark deleted [
1083 silly reify   '/Users/theonesysetem/StudioProjects/invitation/node_modules/@emnapi/runtime'
1083 silly reify ]
1084 verbose reify failed optional dependency /Users/theonesysetem/StudioProjects/invitation/node_modules/@img/sharp-linuxmusl-x64
1085 silly reify mark deleted [
1085 silly reify   '/Users/theonesysetem/StudioProjects/invitation/node_modules/@img/sharp-linuxmusl-x64'
1085 silly reify ]
1086 verbose reify failed optional dependency /Users/theonesysetem/StudioProjects/invitation/node_modules/@img/sharp-linuxmusl-arm64
1087 silly reify mark deleted [
1087 silly reify   '/Users/theonesysetem/StudioProjects/invitation/node_modules/@img/sharp-linuxmusl-arm64'
1087 silly reify ]
1088 verbose reify failed optional dependency /Users/theonesysetem/StudioProjects/invitation/node_modules/@img/sharp-linux-x64
1089 silly reify mark deleted [
1089 silly reify   '/Users/theonesysetem/StudioProjects/invitation/node_modules/@img/sharp-linux-x64'
1089 silly reify ]
1090 verbose reify failed optional dependency /Users/theonesysetem/StudioProjects/invitation/node_modules/@img/sharp-linux-s390x
1091 silly reify mark deleted [
1091 silly reify   '/Users/theonesysetem/StudioProjects/invitation/node_modules/@img/sharp-linux-s390x'
1091 silly reify ]
1092 verbose reify failed optional dependency /Users/theonesysetem/StudioProjects/invitation/node_modules/@img/sharp-linux-riscv64
1093 silly reify mark deleted [
1093 silly reify   '/Users/theonesysetem/StudioProjects/invitation/node_modules/@img/sharp-linux-riscv64'
1093 silly reify ]
1094 verbose reify failed optional dependency /Users/theonesysetem/StudioProjects/invitation/node_modules/@img/sharp-linux-ppc64
1095 silly reify mark deleted [
1095 silly reify   '/Users/theonesysetem/StudioProjects/invitation/node_modules/@img/sharp-linux-ppc64'
1095 silly reify ]
1096 verbose reify failed optional dependency /Users/theonesysetem/StudioProjects/invitation/node_modules/@img/sharp-linux-arm64
1097 silly reify mark deleted [
1097 silly reify   '/Users/theonesysetem/StudioProjects/invitation/node_modules/@img/sharp-linux-arm64'
1097 silly reify ]
1098 verbose reify failed optional dependency /Users/theonesysetem/StudioProjects/invitation/node_modules/@img/sharp-linux-arm
1099 silly reify mark deleted [
1099 silly reify   '/Users/theonesysetem/StudioProjects/invitation/node_modules/@img/sharp-linux-arm'
1099 silly reify ]
1100 verbose reify failed optional dependency /Users/theonesysetem/StudioProjects/invitation/node_modules/@img/sharp-libvips-linuxmusl-x64
1101 silly reify mark deleted [
1101 silly reify   '/Users/theonesysetem/StudioProjects/invitation/node_modules/@img/sharp-libvips-linuxmusl-x64'
1101 silly reify ]
1102 verbose reify failed optional dependency /Users/theonesysetem/StudioProjects/invitation/node_modules/@img/sharp-libvips-linuxmusl-arm64
1103 silly reify mark deleted [
1103 silly reify   '/Users/theonesysetem/StudioProjects/invitation/node_modules/@img/sharp-libvips-linuxmusl-arm64'
1103 silly reify ]
1104 verbose reify failed optional dependency /Users/theonesysetem/StudioProjects/invitation/node_modules/@img/sharp-libvips-linux-x64
1105 silly reify mark deleted [
1105 silly reify   '/Users/theonesysetem/StudioProjects/invitation/node_modules/@img/sharp-libvips-linux-x64'
1105 silly reify ]
1106 verbose reify failed optional dependency /Users/theonesysetem/StudioProjects/invitation/node_modules/@img/sharp-libvips-linux-s390x
1107 silly reify mark deleted [
1107 silly reify   '/Users/theonesysetem/StudioProjects/invitation/node_modules/@img/sharp-libvips-linux-s390x'
1107 silly reify ]
1108 verbose reify failed optional dependency /Users/theonesysetem/StudioProjects/invitation/node_modules/@img/sharp-libvips-linux-riscv64
1109 silly reify mark deleted [
1109 silly reify   '/Users/theonesysetem/StudioProjects/invitation/node_modules/@img/sharp-libvips-linux-riscv64'
1109 silly reify ]
1110 verbose reify failed optional dependency /Users/theonesysetem/StudioProjects/invitation/node_modules/@img/sharp-libvips-linux-ppc64
1111 silly reify mark deleted [
1111 silly reify   '/Users/theonesysetem/StudioProjects/invitation/node_modules/@img/sharp-libvips-linux-ppc64'
1111 silly reify ]
1112 verbose reify failed optional dependency /Users/theonesysetem/StudioProjects/invitation/node_modules/@img/sharp-libvips-linux-arm64
1113 silly reify mark deleted [
1113 silly reify   '/Users/theonesysetem/StudioProjects/invitation/node_modules/@img/sharp-libvips-linux-arm64'
1113 silly reify ]
1114 verbose reify failed optional dependency /Users/theonesysetem/StudioProjects/invitation/node_modules/@img/sharp-libvips-linux-arm
1115 silly reify mark deleted [
1115 silly reify   '/Users/theonesysetem/StudioProjects/invitation/node_modules/@img/sharp-libvips-linux-arm'
1115 silly reify ]
1116 verbose reify failed optional dependency /Users/theonesysetem/StudioProjects/invitation/node_modules/@img/sharp-libvips-darwin-x64
1117 silly reify mark deleted [
1117 silly reify   '/Users/theonesysetem/StudioProjects/invitation/node_modules/@img/sharp-libvips-darwin-x64'
1117 silly reify ]
1118 verbose reify failed optional dependency /Users/theonesysetem/StudioProjects/invitation/node_modules/@img/sharp-darwin-x64
1119 silly reify mark deleted [
1119 silly reify   '/Users/theonesysetem/StudioProjects/invitation/node_modules/@img/sharp-darwin-x64'
1119 silly reify ]
1120 verbose reify failed optional dependency /Users/theonesysetem/StudioProjects/invitation/node_modules/@next/swc-win32-x64-msvc
1121 silly reify mark deleted [
1121 silly reify   '/Users/theonesysetem/StudioProjects/invitation/node_modules/@next/swc-win32-x64-msvc'
1121 silly reify ]
1122 verbose reify failed optional dependency /Users/theonesysetem/StudioProjects/invitation/node_modules/@next/swc-win32-arm64-msvc
1123 silly reify mark deleted [
1123 silly reify   '/Users/theonesysetem/StudioProjects/invitation/node_modules/@next/swc-win32-arm64-msvc'
1123 silly reify ]
1124 verbose reify failed optional dependency /Users/theonesysetem/StudioProjects/invitation/node_modules/@next/swc-linux-x64-musl
1125 silly reify mark deleted [
1125 silly reify   '/Users/theonesysetem/StudioProjects/invitation/node_modules/@next/swc-linux-x64-musl'
1125 silly reify ]
1126 verbose reify failed optional dependency /Users/theonesysetem/StudioProjects/invitation/node_modules/@next/swc-linux-x64-gnu
1127 silly reify mark deleted [
1127 silly reify   '/Users/theonesysetem/StudioProjects/invitation/node_modules/@next/swc-linux-x64-gnu'
1127 silly reify ]
1128 verbose reify failed optional dependency /Users/theonesysetem/StudioProjects/invitation/node_modules/@next/swc-linux-arm64-musl
1129 silly reify mark deleted [
1129 silly reify   '/Users/theonesysetem/StudioProjects/invitation/node_modules/@next/swc-linux-arm64-musl'
1129 silly reify ]
1130 verbose reify failed optional dependency /Users/theonesysetem/StudioProjects/invitation/node_modules/@next/swc-linux-arm64-gnu
1131 silly reify mark deleted [
1131 silly reify   '/Users/theonesysetem/StudioProjects/invitation/node_modules/@next/swc-linux-arm64-gnu'
1131 silly reify ]
1132 verbose reify failed optional dependency /Users/theonesysetem/StudioProjects/invitation/node_modules/@next/swc-darwin-x64
1133 silly reify mark deleted [
1133 silly reify   '/Users/theonesysetem/StudioProjects/invitation/node_modules/@next/swc-darwin-x64'
1133 silly reify ]
1134 http cache color-name@https://registry.npmjs.org/color-name/-/color-name-1.1.4.tgz 0ms (cache hit)
1135 http cache camelcase@https://registry.npmjs.org/camelcase/-/camelcase-5.3.1.tgz 0ms (cache hit)
1136 http cache is-fullwidth-code-point@https://registry.npmjs.org/is-fullwidth-code-point/-/is-fullwidth-code-point-3.0.0.tgz 0ms (cache hit)
1137 http cache color-convert@https://registry.npmjs.org/color-convert/-/color-convert-2.0.1.tgz 0ms (cache hit)
1138 http cache p-try@https://registry.npmjs.org/p-try/-/p-try-2.2.0.tgz 0ms (cache hit)
1139 http cache ansi-regex@https://registry.npmjs.org/ansi-regex/-/ansi-regex-5.0.1.tgz 0ms (cache hit)
1140 http cache ansi-styles@https://registry.npmjs.org/ansi-styles/-/ansi-styles-4.3.0.tgz 0ms (cache hit)
1141 http cache p-limit@https://registry.npmjs.org/p-limit/-/p-limit-2.3.0.tgz 0ms (cache hit)
1142 http cache p-locate@https://registry.npmjs.org/p-locate/-/p-locate-4.1.0.tgz 0ms (cache hit)
1143 http cache path-exists@https://registry.npmjs.org/path-exists/-/path-exists-4.0.0.tgz 0ms (cache hit)
1144 http cache y18n@https://registry.npmjs.org/y18n/-/y18n-4.0.3.tgz 0ms (cache hit)
1145 http cache locate-path@https://registry.npmjs.org/locate-path/-/locate-path-5.0.0.tgz 0ms (cache hit)
1146 http cache yargs-parser@https://registry.npmjs.org/yargs-parser/-/yargs-parser-18.1.3.tgz 0ms (cache hit)
1147 http cache strip-ansi@https://registry.npmjs.org/strip-ansi/-/strip-ansi-6.0.1.tgz 0ms (cache hit)
1148 http cache which-module@https://registry.npmjs.org/which-module/-/which-module-2.0.1.tgz 0ms (cache hit)
1149 http cache wrap-ansi@https://registry.npmjs.org/wrap-ansi/-/wrap-ansi-6.2.0.tgz 0ms (cache hit)
1150 http cache string-width@https://registry.npmjs.org/string-width/-/string-width-4.2.3.tgz 0ms (cache hit)
1151 http cache require-directory@https://registry.npmjs.org/require-directory/-/require-directory-2.1.1.tgz 0ms (cache hit)
1152 http cache get-caller-file@https://registry.npmjs.org/get-caller-file/-/get-caller-file-2.0.5.tgz 0ms (cache hit)
1153 http cache find-up@https://registry.npmjs.org/find-up/-/find-up-4.1.0.tgz 0ms (cache hit)
1154 http cache set-blocking@https://registry.npmjs.org/set-blocking/-/set-blocking-2.0.0.tgz 0ms (cache hit)
1155 http cache decamelize@https://registry.npmjs.org/decamelize/-/decamelize-1.2.0.tgz 0ms (cache hit)
1156 http cache cliui@https://registry.npmjs.org/cliui/-/cliui-6.0.0.tgz 0ms (cache hit)
1157 http cache base64-arraybuffer@https://registry.npmjs.org/base64-arraybuffer/-/base64-arraybuffer-1.0.2.tgz 0ms (cache hit)
1158 http cache require-main-filename@https://registry.npmjs.org/require-main-filename/-/require-main-filename-2.0.0.tgz 0ms (cache hit)
1159 http cache is-number@https://registry.npmjs.org/is-number/-/is-number-7.0.0.tgz 0ms (cache hit)
1160 http cache escalade@https://registry.npmjs.org/escalade/-/escalade-3.2.0.tgz 0ms (cache hit)
1161 http cache thenify@https://registry.npmjs.org/thenify/-/thenify-3.3.1.tgz 0ms (cache hit)
1162 http cache object-assign@https://registry.npmjs.org/object-assign/-/object-assign-4.1.1.tgz 0ms (cache hit)
1163 http cache thenify-all@https://registry.npmjs.org/thenify-all/-/thenify-all-1.6.0.tgz 0ms (cache hit)
1164 http cache any-promise@https://registry.npmjs.org/any-promise/-/any-promise-1.3.0.tgz 0ms (cache hit)
1165 http cache @jridgewell/resolve-uri@https://registry.npmjs.org/@jridgewell/resolve-uri/-/resolve-uri-3.1.2.tgz 0ms (cache hit)
1166 http cache @jridgewell/trace-mapping@https://registry.npmjs.org/@jridgewell/trace-mapping/-/trace-mapping-0.3.31.tgz 0ms (cache hit)
1167 http cache @jridgewell/sourcemap-codec@https://registry.npmjs.org/@jridgewell/sourcemap-codec/-/sourcemap-codec-1.5.5.tgz 0ms (cache hit)
1168 http cache ts-interface-checker@https://registry.npmjs.org/ts-interface-checker/-/ts-interface-checker-0.1.13.tgz 0ms (cache hit)
1169 http cache pirates@https://registry.npmjs.org/pirates/-/pirates-4.0.7.tgz 0ms (cache hit)
1170 http cache tinyglobby@https://registry.npmjs.org/tinyglobby/-/tinyglobby-0.2.17.tgz 0ms (cache hit)
1171 http cache lines-and-columns@https://registry.npmjs.org/lines-and-columns/-/lines-and-columns-1.2.4.tgz 0ms (cache hit)
1172 http cache mz@https://registry.npmjs.org/mz/-/mz-2.7.0.tgz 0ms (cache hit)
1173 http cache emoji-regex@https://registry.npmjs.org/emoji-regex/-/emoji-regex-8.0.0.tgz 0ms (cache hit)
1174 http cache @jridgewell/gen-mapping@https://registry.npmjs.org/@jridgewell/gen-mapping/-/gen-mapping-0.3.13.tgz 0ms (cache hit)
1175 http cache commander@https://registry.npmjs.org/commander/-/commander-4.1.1.tgz 0ms (cache hit)
1176 http cache queue-microtask@https://registry.npmjs.org/queue-microtask/-/queue-microtask-1.2.3.tgz 0ms (cache hit)
1177 http cache function-bind@https://registry.npmjs.org/function-bind/-/function-bind-1.1.2.tgz 0ms (cache hit)
1178 http cache hasown@https://registry.npmjs.org/hasown/-/hasown-2.0.4.tgz 0ms (cache hit)
1179 http cache path-parse@https://registry.npmjs.org/path-parse/-/path-parse-1.0.7.tgz 0ms (cache hit)
1180 http cache supports-preserve-symlinks-flag@https://registry.npmjs.org/supports-preserve-symlinks-flag/-/supports-preserve-symlinks-flag-1.0.0.tgz 0ms (cache hit)
1181 http cache pify@https://registry.npmjs.org/pify/-/pify-2.3.0.tgz 0ms (cache hit)
1182 http cache es-errors@https://registry.npmjs.org/es-errors/-/es-errors-1.3.0.tgz 0ms (cache hit)
1183 http cache is-core-module@https://registry.npmjs.org/is-core-module/-/is-core-module-2.16.2.tgz 0ms (cache hit)
1184 http cache util-deprecate@https://registry.npmjs.org/util-deprecate/-/util-deprecate-1.0.2.tgz 0ms (cache hit)
1185 http cache cssesc@https://registry.npmjs.org/cssesc/-/cssesc-3.0.0.tgz 0ms (cache hit)
1186 http cache camelcase-css@https://registry.npmjs.org/camelcase-css/-/camelcase-css-2.0.1.tgz 0ms (cache hit)
1187 http cache is-extglob@https://registry.npmjs.org/is-extglob/-/is-extglob-2.1.1.tgz 0ms (cache hit)
1188 http cache binary-extensions@https://registry.npmjs.org/binary-extensions/-/binary-extensions-2.3.0.tgz 0ms (cache hit)
1189 http cache read-cache@https://registry.npmjs.org/read-cache/-/read-cache-1.0.0.tgz 0ms (cache hit)
1190 http cache to-regex-range@https://registry.npmjs.org/to-regex-range/-/to-regex-range-5.0.1.tgz 0ms (cache hit)
1191 http cache reusify@https://registry.npmjs.org/reusify/-/reusify-1.1.0.tgz 0ms (cache hit)
1192 http cache run-parallel@https://registry.npmjs.org/run-parallel/-/run-parallel-1.2.0.tgz 0ms (cache hit)
1193 http cache fastq@https://registry.npmjs.org/fastq/-/fastq-1.20.1.tgz 0ms (cache hit)
1194 http cache @nodelib/fs.scandir@https://registry.npmjs.org/@nodelib/fs.scandir/-/fs.scandir-2.1.5.tgz 0ms (cache hit)
1195 http cache merge2@https://registry.npmjs.org/merge2/-/merge2-1.4.1.tgz 0ms (cache hit)
1196 http cache @nodelib/fs.walk@https://registry.npmjs.org/@nodelib/fs.walk/-/fs.walk-1.2.8.tgz 0ms (cache hit)
1197 http cache fill-range@https://registry.npmjs.org/fill-range/-/fill-range-7.1.1.tgz 0ms (cache hit)
1198 http cache @nodelib/fs.stat@https://registry.npmjs.org/@nodelib/fs.stat/-/fs.stat-2.0.5.tgz 0ms (cache hit)
1199 http cache picomatch@https://registry.npmjs.org/picomatch/-/picomatch-2.3.2.tgz 0ms (cache hit)
1200 http cache readdirp@https://registry.npmjs.org/readdirp/-/readdirp-3.6.0.tgz 0ms (cache hit)
1201 http cache is-binary-path@https://registry.npmjs.org/is-binary-path/-/is-binary-path-2.1.0.tgz 0ms (cache hit)
1202 http cache fsevents@https://registry.npmjs.org/fsevents/-/fsevents-2.3.3.tgz 0ms (cache hit)
1203 http cache anymatch@https://registry.npmjs.org/anymatch/-/anymatch-3.1.3.tgz 0ms (cache hit)
1204 http cache sucrase@https://registry.npmjs.org/sucrase/-/sucrase-3.35.1.tgz 0ms (cache hit)
1205 http cache postcss-selector-parser@https://registry.npmjs.org/postcss-selector-parser/-/postcss-selector-parser-6.1.4.tgz 0ms (cache hit)
1206 http cache resolve@https://registry.npmjs.org/resolve/-/resolve-1.22.12.tgz 0ms (cache hit)
1207 http cache postcss-load-config@https://registry.npmjs.org/postcss-load-config/-/postcss-load-config-6.0.1.tgz 0ms (cache hit)
1208 http cache postcss-js@https://registry.npmjs.org/postcss-js/-/postcss-js-4.1.0.tgz 0ms (cache hit)
1209 http cache object-hash@https://registry.npmjs.org/object-hash/-/object-hash-3.0.0.tgz 0ms (cache hit)
1210 http cache micromatch@https://registry.npmjs.org/micromatch/-/micromatch-4.0.8.tgz 0ms (cache hit)
1211 http cache braces@https://registry.npmjs.org/braces/-/braces-3.0.3.tgz 0ms (cache hit)
1212 http cache postcss-import@https://registry.npmjs.org/postcss-import/-/postcss-import-15.1.0.tgz 0ms (cache hit)
1213 http cache lilconfig@https://registry.npmjs.org/lilconfig/-/lilconfig-3.1.3.tgz 0ms (cache hit)
1214 http cache normalize-path@https://registry.npmjs.org/normalize-path/-/normalize-path-3.0.0.tgz 0ms (cache hit)
1215 http cache jiti@https://registry.npmjs.org/jiti/-/jiti-1.21.7.tgz 0ms (cache hit)
1216 http cache is-glob@https://registry.npmjs.org/is-glob/-/is-glob-4.0.3.tgz 0ms (cache hit)
1217 http cache glob-parent@https://registry.npmjs.org/glob-parent/-/glob-parent-6.0.2.tgz 0ms (cache hit)
1218 http cache dlv@https://registry.npmjs.org/dlv/-/dlv-1.1.3.tgz 0ms (cache hit)
1219 http cache didyoumean@https://registry.npmjs.org/didyoumean/-/didyoumean-1.2.2.tgz 0ms (cache hit)
1220 http cache chokidar@https://registry.npmjs.org/chokidar/-/chokidar-3.6.0.tgz 0ms (cache hit)
1221 http cache fast-glob@https://registry.npmjs.org/fast-glob/-/fast-glob-3.3.3.tgz 0ms (cache hit)
1222 http cache arg@https://registry.npmjs.org/arg/-/arg-5.0.2.tgz 0ms (cache hit)
1223 http cache @alloc/quick-lru@https://registry.npmjs.org/@alloc/quick-lru/-/quick-lru-5.2.0.tgz 0ms (cache hit)
1224 http cache client-only@https://registry.npmjs.org/client-only/-/client-only-0.0.1.tgz 0ms (cache hit)
1225 http cache semver@https://registry.npmjs.org/semver/-/semver-7.8.5.tgz 0ms (cache hit)
1226 http cache detect-libc@https://registry.npmjs.org/detect-libc/-/detect-libc-2.1.2.tgz 0ms (cache hit)
1227 http cache @img/sharp-libvips-darwin-arm64@https://registry.npmjs.org/@img/sharp-libvips-darwin-arm64/-/sharp-libvips-darwin-arm64-1.2.4.tgz 0ms (cache hit)
1228 http cache @img/sharp-darwin-arm64@https://registry.npmjs.org/@img/sharp-darwin-arm64/-/sharp-darwin-arm64-0.34.5.tgz 0ms (cache hit)
1229 http cache scheduler@https://registry.npmjs.org/scheduler/-/scheduler-0.27.0.tgz 0ms (cache hit)
1230 http cache @img/colour@https://registry.npmjs.org/@img/colour/-/colour-1.1.0.tgz 0ms (cache hit)
1231 http cache postcss-nested@https://registry.npmjs.org/postcss-nested/-/postcss-nested-6.2.0.tgz 0ms (cache hit)
1232 http cache performance-now@https://registry.npmjs.org/performance-now/-/performance-now-2.1.0.tgz 0ms (cache hit)
1233 http cache yargs@https://registry.npmjs.org/yargs/-/yargs-15.4.1.tgz 0ms (cache hit)
1234 http cache pngjs@https://registry.npmjs.org/pngjs/-/pngjs-5.0.0.tgz 0ms (cache hit)
1235 http cache source-map-js@https://registry.npmjs.org/source-map-js/-/source-map-js-1.2.1.tgz 0ms (cache hit)
1236 http cache dijkstrajs@https://registry.npmjs.org/dijkstrajs/-/dijkstrajs-1.0.3.tgz 0ms (cache hit)
1237 http cache nanoid@https://registry.npmjs.org/nanoid/-/nanoid-3.3.16.tgz 0ms (cache hit)
1238 http cache styled-jsx@https://registry.npmjs.org/styled-jsx/-/styled-jsx-5.1.6.tgz 0ms (cache hit)
1239 http cache @swc/helpers@https://registry.npmjs.org/@swc/helpers/-/helpers-0.5.15.tgz 0ms (cache hit)
1240 http cache @next/swc-darwin-arm64@https://registry.npmjs.org/@next/swc-darwin-arm64/-/swc-darwin-arm64-15.5.22.tgz 0ms (cache hit)
1241 http cache utrie@https://registry.npmjs.org/utrie/-/utrie-1.0.2.tgz 0ms (cache hit)
1242 http cache sharp@https://registry.npmjs.org/sharp/-/sharp-0.34.5.tgz 0ms (cache hit)
1243 http cache @next/env@https://registry.npmjs.org/@next/env/-/env-15.5.22.tgz 0ms (cache hit)
1244 http cache text-segmentation@https://registry.npmjs.org/text-segmentation/-/text-segmentation-1.0.3.tgz 0ms (cache hit)
1245 http cache css-line-break@https://registry.npmjs.org/css-line-break/-/css-line-break-2.1.0.tgz 0ms (cache hit)
1246 http cache pako@https://registry.npmjs.org/pako/-/pako-2.2.0.tgz 0ms (cache hit)
1247 http cache iobuffer@https://registry.npmjs.org/iobuffer/-/iobuffer-5.4.0.tgz 0ms (cache hit)
1248 http cache @types/trusted-types@https://registry.npmjs.org/@types/trusted-types/-/trusted-types-2.0.7.tgz 0ms (cache hit)
1249 http cache @types/pako@https://registry.npmjs.org/@types/pako/-/pako-2.0.4.tgz 0ms (cache hit)
1250 http cache svg-pathdata@https://registry.npmjs.org/svg-pathdata/-/svg-pathdata-6.0.3.tgz 0ms (cache hit)
1251 http cache stackblur-canvas@https://registry.npmjs.org/stackblur-canvas/-/stackblur-canvas-2.7.0.tgz 0ms (cache hit)
1252 http cache regenerator-runtime@https://registry.npmjs.org/regenerator-runtime/-/regenerator-runtime-0.13.11.tgz 0ms (cache hit)
1253 http cache @types/raf@https://registry.npmjs.org/@types/raf/-/raf-3.4.3.tgz 0ms (cache hit)
1254 http cache raf@https://registry.npmjs.org/raf/-/raf-3.4.1.tgz 0ms (cache hit)
1255 http cache html2canvas@https://registry.npmjs.org/html2canvas/-/html2canvas-1.4.1.tgz 0ms (cache hit)
1256 http cache fflate@https://registry.npmjs.org/fflate/-/fflate-0.8.3.tgz 0ms (cache hit)
1257 http cache dompurify@https://registry.npmjs.org/dompurify/-/dompurify-3.4.12.tgz 0ms (cache hit)
1258 http cache fast-png@https://registry.npmjs.org/fast-png/-/fast-png-6.4.0.tgz 0ms (cache hit)
1259 http cache canvg@https://registry.npmjs.org/canvg/-/canvg-3.0.11.tgz 0ms (cache hit)
1260 http cache core-js@https://registry.npmjs.org/core-js/-/core-js-3.49.0.tgz 0ms (cache hit)
1261 http cache @babel/runtime@https://registry.npmjs.org/@babel/runtime/-/runtime-7.29.7.tgz 0ms (cache hit)
1262 http cache motion-utils@https://registry.npmjs.org/motion-utils/-/motion-utils-11.18.1.tgz 0ms (cache hit)
1263 http cache motion-dom@https://registry.npmjs.org/motion-dom/-/motion-dom-11.18.1.tgz 0ms (cache hit)
1264 http cache tslib@https://registry.npmjs.org/tslib/-/tslib-2.8.1.tgz 0ms (cache hit)
1265 http cache node-releases@https://registry.npmjs.org/node-releases/-/node-releases-2.0.51.tgz 0ms (cache hit)
1266 http cache update-browserslist-db@https://registry.npmjs.org/update-browserslist-db/-/update-browserslist-db-1.2.3.tgz 0ms (cache hit)
1267 http cache rgbcolor@https://registry.npmjs.org/rgbcolor/-/rgbcolor-1.0.1.tgz 0ms (cache hit)
1268 http cache electron-to-chromium@https://registry.npmjs.org/electron-to-chromium/-/electron-to-chromium-1.5.396.tgz 0ms (cache hit)
1269 http cache @emnapi/runtime@https://registry.npmjs.org/@emnapi/runtime/-/runtime-1.11.3.tgz 0ms (cache hit)
1270 http cache baseline-browser-mapping@https://registry.npmjs.org/baseline-browser-mapping/-/baseline-browser-mapping-2.11.3.tgz 0ms (cache hit)
1271 http cache postcss-value-parser@https://registry.npmjs.org/postcss-value-parser/-/postcss-value-parser-4.2.0.tgz 0ms (cache hit)
1272 http cache picocolors@https://registry.npmjs.org/picocolors/-/picocolors-1.1.1.tgz 0ms (cache hit)
1273 http cache fraction.js@https://registry.npmjs.org/fraction.js/-/fraction.js-5.3.4.tgz 0ms (cache hit)
1274 http cache caniuse-lite@https://registry.npmjs.org/caniuse-lite/-/caniuse-lite-1.0.30001806.tgz 0ms (cache hit)
1275 http cache browserslist@https://registry.npmjs.org/browserslist/-/browserslist-4.28.7.tgz 0ms (cache hit)
1276 http cache undici-types@https://registry.npmjs.org/undici-types/-/undici-types-7.18.2.tgz 0ms (cache hit)
1277 http cache tailwindcss@https://registry.npmjs.org/tailwindcss/-/tailwindcss-3.4.19.tgz 0ms (cache hit)
1278 http cache react-dom@https://registry.npmjs.org/react-dom/-/react-dom-19.2.8.tgz 0ms (cache hit)
1279 http cache qrcode@https://registry.npmjs.org/qrcode/-/qrcode-1.5.4.tgz 0ms (cache hit)
1280 http cache next@https://registry.npmjs.org/next/-/next-15.5.22.tgz 0ms (cache hit)
1281 http cache csstype@https://registry.npmjs.org/csstype/-/csstype-3.2.3.tgz 0ms (cache hit)
1282 http cache lucide-react@https://registry.npmjs.org/lucide-react/-/lucide-react-0.542.0.tgz 0ms (cache hit)
1283 http cache jspdf@https://registry.npmjs.org/jspdf/-/jspdf-3.0.4.tgz 0ms (cache hit)
1284 http cache html-to-image@https://registry.npmjs.org/html-to-image/-/html-to-image-1.11.13.tgz 0ms (cache hit)
1285 http cache framer-motion@https://registry.npmjs.org/framer-motion/-/framer-motion-11.18.2.tgz 0ms (cache hit)
1286 http cache postcss@https://registry.npmjs.org/postcss/-/postcss-8.5.23.tgz 0ms (cache hit)
1287 http cache autoprefixer@https://registry.npmjs.org/autoprefixer/-/autoprefixer-10.5.4.tgz 0ms (cache hit)
1288 http cache @types/react-dom@https://registry.npmjs.org/@types/react-dom/-/react-dom-19.2.3.tgz 0ms (cache hit)
1289 http cache typescript@https://registry.npmjs.org/typescript/-/typescript-5.9.3.tgz 0ms (cache hit)
1290 http cache @types/react@https://registry.npmjs.org/@types/react/-/react-19.2.17.tgz 0ms (cache hit)
1291 http cache @types/node@https://registry.npmjs.org/@types/node/-/node-24.13.3.tgz 0ms (cache hit)
1292 http cache picomatch@https://registry.npmjs.org/picomatch/-/picomatch-4.0.5.tgz 0ms (cache hit)
1293 http cache fdir@https://registry.npmjs.org/fdir/-/fdir-6.5.0.tgz 0ms (cache hit)
1294 http cache glob-parent@https://registry.npmjs.org/glob-parent/-/glob-parent-5.1.2.tgz 0ms (cache hit)
1295 http cache glob-parent@https://registry.npmjs.org/glob-parent/-/glob-parent-5.1.2.tgz 0ms (cache hit)
1296 http cache postcss@https://registry.npmjs.org/postcss/-/postcss-8.4.31.tgz 0ms (cache hit)
1297 http cache react@https://registry.npmjs.org/react/-/react-19.2.8.tgz 0ms (cache hit)
1298 silly tarball no local data for color-name@https://registry.npmjs.org/color-name/-/color-name-1.1.4.tgz. Extracting by manifest.
1299 silly tarball no local data for camelcase@https://registry.npmjs.org/camelcase/-/camelcase-5.3.1.tgz. Extracting by manifest.
1300 silly tarball no local data for is-fullwidth-code-point@https://registry.npmjs.org/is-fullwidth-code-point/-/is-fullwidth-code-point-3.0.0.tgz. Extracting by manifest.
1301 silly tarball no local data for color-convert@https://registry.npmjs.org/color-convert/-/color-convert-2.0.1.tgz. Extracting by manifest.
1302 silly tarball no local data for p-try@https://registry.npmjs.org/p-try/-/p-try-2.2.0.tgz. Extracting by manifest.
1303 silly tarball no local data for ansi-regex@https://registry.npmjs.org/ansi-regex/-/ansi-regex-5.0.1.tgz. Extracting by manifest.
1304 silly tarball no local data for ansi-styles@https://registry.npmjs.org/ansi-styles/-/ansi-styles-4.3.0.tgz. Extracting by manifest.
1305 silly tarball no local data for p-limit@https://registry.npmjs.org/p-limit/-/p-limit-2.3.0.tgz. Extracting by manifest.
1306 silly tarball no local data for p-locate@https://registry.npmjs.org/p-locate/-/p-locate-4.1.0.tgz. Extracting by manifest.
1307 silly tarball no local data for path-exists@https://registry.npmjs.org/path-exists/-/path-exists-4.0.0.tgz. Extracting by manifest.
1308 silly tarball no local data for y18n@https://registry.npmjs.org/y18n/-/y18n-4.0.3.tgz. Extracting by manifest.
1309 silly tarball no local data for locate-path@https://registry.npmjs.org/locate-path/-/locate-path-5.0.0.tgz. Extracting by manifest.
1310 silly tarball no local data for yargs-parser@https://registry.npmjs.org/yargs-parser/-/yargs-parser-18.1.3.tgz. Extracting by manifest.
1311 silly tarball no local data for strip-ansi@https://registry.npmjs.org/strip-ansi/-/strip-ansi-6.0.1.tgz. Extracting by manifest.
1312 silly tarball no local data for which-module@https://registry.npmjs.org/which-module/-/which-module-2.0.1.tgz. Extracting by manifest.
1313 silly tarball no local data for wrap-ansi@https://registry.npmjs.org/wrap-ansi/-/wrap-ansi-6.2.0.tgz. Extracting by manifest.
1314 silly tarball no local data for string-width@https://registry.npmjs.org/string-width/-/string-width-4.2.3.tgz. Extracting by manifest.
1315 silly tarball no local data for require-directory@https://registry.npmjs.org/require-directory/-/require-directory-2.1.1.tgz. Extracting by manifest.
1316 silly tarball no local data for get-caller-file@https://registry.npmjs.org/get-caller-file/-/get-caller-file-2.0.5.tgz. Extracting by manifest.
1317 silly tarball no local data for find-up@https://registry.npmjs.org/find-up/-/find-up-4.1.0.tgz. Extracting by manifest.
1318 silly tarball no local data for set-blocking@https://registry.npmjs.org/set-blocking/-/set-blocking-2.0.0.tgz. Extracting by manifest.
1319 silly tarball no local data for decamelize@https://registry.npmjs.org/decamelize/-/decamelize-1.2.0.tgz. Extracting by manifest.
1320 silly tarball no local data for cliui@https://registry.npmjs.org/cliui/-/cliui-6.0.0.tgz. Extracting by manifest.
1321 silly tarball no local data for base64-arraybuffer@https://registry.npmjs.org/base64-arraybuffer/-/base64-arraybuffer-1.0.2.tgz. Extracting by manifest.
1322 silly tarball no local data for require-main-filename@https://registry.npmjs.org/require-main-filename/-/require-main-filename-2.0.0.tgz. Extracting by manifest.
1323 silly tarball no local data for is-number@https://registry.npmjs.org/is-number/-/is-number-7.0.0.tgz. Extracting by manifest.
1324 silly tarball no local data for escalade@https://registry.npmjs.org/escalade/-/escalade-3.2.0.tgz. Extracting by manifest.
1325 silly tarball no local data for thenify@https://registry.npmjs.org/thenify/-/thenify-3.3.1.tgz. Extracting by manifest.
1326 silly tarball no local data for object-assign@https://registry.npmjs.org/object-assign/-/object-assign-4.1.1.tgz. Extracting by manifest.
1327 silly tarball no local data for thenify-all@https://registry.npmjs.org/thenify-all/-/thenify-all-1.6.0.tgz. Extracting by manifest.
1328 silly tarball no local data for any-promise@https://registry.npmjs.org/any-promise/-/any-promise-1.3.0.tgz. Extracting by manifest.
1329 silly tarball no local data for @jridgewell/resolve-uri@https://registry.npmjs.org/@jridgewell/resolve-uri/-/resolve-uri-3.1.2.tgz. Extracting by manifest.
1330 silly tarball no local data for @jridgewell/trace-mapping@https://registry.npmjs.org/@jridgewell/trace-mapping/-/trace-mapping-0.3.31.tgz. Extracting by manifest.
1331 silly tarball no local data for @jridgewell/sourcemap-codec@https://registry.npmjs.org/@jridgewell/sourcemap-codec/-/sourcemap-codec-1.5.5.tgz. Extracting by manifest.
1332 silly tarball no local data for ts-interface-checker@https://registry.npmjs.org/ts-interface-checker/-/ts-interface-checker-0.1.13.tgz. Extracting by manifest.
1333 silly tarball no local data for pirates@https://registry.npmjs.org/pirates/-/pirates-4.0.7.tgz. Extracting by manifest.
1334 silly tarball no local data for tinyglobby@https://registry.npmjs.org/tinyglobby/-/tinyglobby-0.2.17.tgz. Extracting by manifest.
1335 silly tarball no local data for lines-and-columns@https://registry.npmjs.org/lines-and-columns/-/lines-and-columns-1.2.4.tgz. Extracting by manifest.
1336 silly tarball no local data for mz@https://registry.npmjs.org/mz/-/mz-2.7.0.tgz. Extracting by manifest.
1337 silly tarball no local data for emoji-regex@https://registry.npmjs.org/emoji-regex/-/emoji-regex-8.0.0.tgz. Extracting by manifest.
1338 silly tarball no local data for @jridgewell/gen-mapping@https://registry.npmjs.org/@jridgewell/gen-mapping/-/gen-mapping-0.3.13.tgz. Extracting by manifest.
1339 silly tarball no local data for commander@https://registry.npmjs.org/commander/-/commander-4.1.1.tgz. Extracting by manifest.
1340 silly tarball no local data for queue-microtask@https://registry.npmjs.org/queue-microtask/-/queue-microtask-1.2.3.tgz. Extracting by manifest.
1341 silly tarball no local data for function-bind@https://registry.npmjs.org/function-bind/-/function-bind-1.1.2.tgz. Extracting by manifest.
1342 silly tarball no local data for hasown@https://registry.npmjs.org/hasown/-/hasown-2.0.4.tgz. Extracting by manifest.
1343 silly tarball no local data for path-parse@https://registry.npmjs.org/path-parse/-/path-parse-1.0.7.tgz. Extracting by manifest.
1344 silly tarball no local data for supports-preserve-symlinks-flag@https://registry.npmjs.org/supports-preserve-symlinks-flag/-/supports-preserve-symlinks-flag-1.0.0.tgz. Extracting by manifest.
1345 silly tarball no local data for pify@https://registry.npmjs.org/pify/-/pify-2.3.0.tgz. Extracting by manifest.
1346 silly tarball no local data for es-errors@https://registry.npmjs.org/es-errors/-/es-errors-1.3.0.tgz. Extracting by manifest.
1347 silly tarball no local data for is-core-module@https://registry.npmjs.org/is-core-module/-/is-core-module-2.16.2.tgz. Extracting by manifest.
1348 silly tarball no local data for util-deprecate@https://registry.npmjs.org/util-deprecate/-/util-deprecate-1.0.2.tgz. Extracting by manifest.
1349 silly tarball no local data for cssesc@https://registry.npmjs.org/cssesc/-/cssesc-3.0.0.tgz. Extracting by manifest.
1350 silly tarball no local data for camelcase-css@https://registry.npmjs.org/camelcase-css/-/camelcase-css-2.0.1.tgz. Extracting by manifest.
1351 silly tarball no local data for is-extglob@https://registry.npmjs.org/is-extglob/-/is-extglob-2.1.1.tgz. Extracting by manifest.
1352 silly tarball no local data for binary-extensions@https://registry.npmjs.org/binary-extensions/-/binary-extensions-2.3.0.tgz. Extracting by manifest.
1353 silly tarball no local data for read-cache@https://registry.npmjs.org/read-cache/-/read-cache-1.0.0.tgz. Extracting by manifest.
1354 silly tarball no local data for to-regex-range@https://registry.npmjs.org/to-regex-range/-/to-regex-range-5.0.1.tgz. Extracting by manifest.
1355 silly tarball no local data for reusify@https://registry.npmjs.org/reusify/-/reusify-1.1.0.tgz. Extracting by manifest.
1356 silly tarball no local data for run-parallel@https://registry.npmjs.org/run-parallel/-/run-parallel-1.2.0.tgz. Extracting by manifest.
1357 silly tarball no local data for fastq@https://registry.npmjs.org/fastq/-/fastq-1.20.1.tgz. Extracting by manifest.
1358 silly tarball no local data for @nodelib/fs.scandir@https://registry.npmjs.org/@nodelib/fs.scandir/-/fs.scandir-2.1.5.tgz. Extracting by manifest.
1359 silly tarball no local data for merge2@https://registry.npmjs.org/merge2/-/merge2-1.4.1.tgz. Extracting by manifest.
1360 silly tarball no local data for @nodelib/fs.walk@https://registry.npmjs.org/@nodelib/fs.walk/-/fs.walk-1.2.8.tgz. Extracting by manifest.
1361 silly tarball no local data for fill-range@https://registry.npmjs.org/fill-range/-/fill-range-7.1.1.tgz. Extracting by manifest.
1362 silly tarball no local data for @nodelib/fs.stat@https://registry.npmjs.org/@nodelib/fs.stat/-/fs.stat-2.0.5.tgz. Extracting by manifest.
1363 silly tarball no local data for picomatch@https://registry.npmjs.org/picomatch/-/picomatch-2.3.2.tgz. Extracting by manifest.
1364 silly tarball no local data for readdirp@https://registry.npmjs.org/readdirp/-/readdirp-3.6.0.tgz. Extracting by manifest.
1365 silly tarball no local data for is-binary-path@https://registry.npmjs.org/is-binary-path/-/is-binary-path-2.1.0.tgz. Extracting by manifest.
1366 silly tarball no local data for fsevents@https://registry.npmjs.org/fsevents/-/fsevents-2.3.3.tgz. Extracting by manifest.
1367 silly tarball no local data for anymatch@https://registry.npmjs.org/anymatch/-/anymatch-3.1.3.tgz. Extracting by manifest.
1368 silly tarball no local data for sucrase@https://registry.npmjs.org/sucrase/-/sucrase-3.35.1.tgz. Extracting by manifest.
1369 silly tarball no local data for postcss-selector-parser@https://registry.npmjs.org/postcss-selector-parser/-/postcss-selector-parser-6.1.4.tgz. Extracting by manifest.
1370 silly tarball no local data for resolve@https://registry.npmjs.org/resolve/-/resolve-1.22.12.tgz. Extracting by manifest.
1371 silly tarball no local data for postcss-load-config@https://registry.npmjs.org/postcss-load-config/-/postcss-load-config-6.0.1.tgz. Extracting by manifest.
1372 silly tarball no local data for postcss-js@https://registry.npmjs.org/postcss-js/-/postcss-js-4.1.0.tgz. Extracting by manifest.
1373 silly tarball no local data for object-hash@https://registry.npmjs.org/object-hash/-/object-hash-3.0.0.tgz. Extracting by manifest.
1374 silly tarball no local data for micromatch@https://registry.npmjs.org/micromatch/-/micromatch-4.0.8.tgz. Extracting by manifest.
1375 silly tarball no local data for braces@https://registry.npmjs.org/braces/-/braces-3.0.3.tgz. Extracting by manifest.
1376 silly tarball no local data for postcss-import@https://registry.npmjs.org/postcss-import/-/postcss-import-15.1.0.tgz. Extracting by manifest.
1377 silly tarball no local data for lilconfig@https://registry.npmjs.org/lilconfig/-/lilconfig-3.1.3.tgz. Extracting by manifest.
1378 silly tarball no local data for normalize-path@https://registry.npmjs.org/normalize-path/-/normalize-path-3.0.0.tgz. Extracting by manifest.
1379 silly tarball no local data for jiti@https://registry.npmjs.org/jiti/-/jiti-1.21.7.tgz. Extracting by manifest.
1380 silly tarball no local data for is-glob@https://registry.npmjs.org/is-glob/-/is-glob-4.0.3.tgz. Extracting by manifest.
1381 silly tarball no local data for glob-parent@https://registry.npmjs.org/glob-parent/-/glob-parent-6.0.2.tgz. Extracting by manifest.
1382 silly tarball no local data for dlv@https://registry.npmjs.org/dlv/-/dlv-1.1.3.tgz. Extracting by manifest.
1383 silly tarball no local data for didyoumean@https://registry.npmjs.org/didyoumean/-/didyoumean-1.2.2.tgz. Extracting by manifest.
1384 silly tarball no local data for chokidar@https://registry.npmjs.org/chokidar/-/chokidar-3.6.0.tgz. Extracting by manifest.
1385 silly tarball no local data for fast-glob@https://registry.npmjs.org/fast-glob/-/fast-glob-3.3.3.tgz. Extracting by manifest.
1386 silly tarball no local data for arg@https://registry.npmjs.org/arg/-/arg-5.0.2.tgz. Extracting by manifest.
1387 silly tarball no local data for @alloc/quick-lru@https://registry.npmjs.org/@alloc/quick-lru/-/quick-lru-5.2.0.tgz. Extracting by manifest.
1388 silly tarball no local data for client-only@https://registry.npmjs.org/client-only/-/client-only-0.0.1.tgz. Extracting by manifest.
1389 silly tarball no local data for semver@https://registry.npmjs.org/semver/-/semver-7.8.5.tgz. Extracting by manifest.
1390 silly tarball no local data for detect-libc@https://registry.npmjs.org/detect-libc/-/detect-libc-2.1.2.tgz. Extracting by manifest.
1391 silly tarball no local data for @img/sharp-libvips-darwin-arm64@https://registry.npmjs.org/@img/sharp-libvips-darwin-arm64/-/sharp-libvips-darwin-arm64-1.2.4.tgz. Extracting by manifest.
1392 silly tarball no local data for @img/sharp-darwin-arm64@https://registry.npmjs.org/@img/sharp-darwin-arm64/-/sharp-darwin-arm64-0.34.5.tgz. Extracting by manifest.
1393 silly tarball no local data for scheduler@https://registry.npmjs.org/scheduler/-/scheduler-0.27.0.tgz. Extracting by manifest.
1394 silly tarball no local data for @img/colour@https://registry.npmjs.org/@img/colour/-/colour-1.1.0.tgz. Extracting by manifest.
1395 silly tarball no local data for postcss-nested@https://registry.npmjs.org/postcss-nested/-/postcss-nested-6.2.0.tgz. Extracting by manifest.
1396 silly tarball no local data for performance-now@https://registry.npmjs.org/performance-now/-/performance-now-2.1.0.tgz. Extracting by manifest.
1397 silly tarball no local data for yargs@https://registry.npmjs.org/yargs/-/yargs-15.4.1.tgz. Extracting by manifest.
1398 silly tarball no local data for pngjs@https://registry.npmjs.org/pngjs/-/pngjs-5.0.0.tgz. Extracting by manifest.
1399 silly tarball no local data for source-map-js@https://registry.npmjs.org/source-map-js/-/source-map-js-1.2.1.tgz. Extracting by manifest.
1400 silly tarball no local data for dijkstrajs@https://registry.npmjs.org/dijkstrajs/-/dijkstrajs-1.0.3.tgz. Extracting by manifest.
1401 silly tarball no local data for nanoid@https://registry.npmjs.org/nanoid/-/nanoid-3.3.16.tgz. Extracting by manifest.
1402 silly tarball no local data for styled-jsx@https://registry.npmjs.org/styled-jsx/-/styled-jsx-5.1.6.tgz. Extracting by manifest.
1403 silly tarball no local data for @swc/helpers@https://registry.npmjs.org/@swc/helpers/-/helpers-0.5.15.tgz. Extracting by manifest.
1404 silly tarball no local data for @next/swc-darwin-arm64@https://registry.npmjs.org/@next/swc-darwin-arm64/-/swc-darwin-arm64-15.5.22.tgz. Extracting by manifest.
1405 silly tarball no local data for utrie@https://registry.npmjs.org/utrie/-/utrie-1.0.2.tgz. Extracting by manifest.
1406 silly tarball no local data for sharp@https://registry.npmjs.org/sharp/-/sharp-0.34.5.tgz. Extracting by manifest.
1407 silly tarball no local data for @next/env@https://registry.npmjs.org/@next/env/-/env-15.5.22.tgz. Extracting by manifest.
1408 silly tarball no local data for text-segmentation@https://registry.npmjs.org/text-segmentation/-/text-segmentation-1.0.3.tgz. Extracting by manifest.
1409 silly tarball no local data for css-line-break@https://registry.npmjs.org/css-line-break/-/css-line-break-2.1.0.tgz. Extracting by manifest.
1410 silly tarball no local data for pako@https://registry.npmjs.org/pako/-/pako-2.2.0.tgz. Extracting by manifest.
1411 silly tarball no local data for iobuffer@https://registry.npmjs.org/iobuffer/-/iobuffer-5.4.0.tgz. Extracting by manifest.
1412 silly tarball no local data for @types/trusted-types@https://registry.npmjs.org/@types/trusted-types/-/trusted-types-2.0.7.tgz. Extracting by manifest.
1413 silly tarball no local data for @types/pako@https://registry.npmjs.org/@types/pako/-/pako-2.0.4.tgz. Extracting by manifest.
1414 silly tarball no local data for svg-pathdata@https://registry.npmjs.org/svg-pathdata/-/svg-pathdata-6.0.3.tgz. Extracting by manifest.
1415 silly tarball no local data for stackblur-canvas@https://registry.npmjs.org/stackblur-canvas/-/stackblur-canvas-2.7.0.tgz. Extracting by manifest.
1416 silly tarball no local data for regenerator-runtime@https://registry.npmjs.org/regenerator-runtime/-/regenerator-runtime-0.13.11.tgz. Extracting by manifest.
1417 silly tarball no local data for @types/raf@https://registry.npmjs.org/@types/raf/-/raf-3.4.3.tgz. Extracting by manifest.
1418 silly tarball no local data for raf@https://registry.npmjs.org/raf/-/raf-3.4.1.tgz. Extracting by manifest.
1419 silly tarball no local data for html2canvas@https://registry.npmjs.org/html2canvas/-/html2canvas-1.4.1.tgz. Extracting by manifest.
1420 silly tarball no local data for fflate@https://registry.npmjs.org/fflate/-/fflate-0.8.3.tgz. Extracting by manifest.
1421 silly tarball no local data for dompurify@https://registry.npmjs.org/dompurify/-/dompurify-3.4.12.tgz. Extracting by manifest.
1422 silly tarball no local data for fast-png@https://registry.npmjs.org/fast-png/-/fast-png-6.4.0.tgz. Extracting by manifest.
1423 silly tarball no local data for canvg@https://registry.npmjs.org/canvg/-/canvg-3.0.11.tgz. Extracting by manifest.
1424 silly tarball no local data for core-js@https://registry.npmjs.org/core-js/-/core-js-3.49.0.tgz. Extracting by manifest.
1425 silly tarball no local data for @babel/runtime@https://registry.npmjs.org/@babel/runtime/-/runtime-7.29.7.tgz. Extracting by manifest.
1426 silly tarball no local data for motion-utils@https://registry.npmjs.org/motion-utils/-/motion-utils-11.18.1.tgz. Extracting by manifest.
1427 silly tarball no local data for motion-dom@https://registry.npmjs.org/motion-dom/-/motion-dom-11.18.1.tgz. Extracting by manifest.
1428 silly tarball no local data for tslib@https://registry.npmjs.org/tslib/-/tslib-2.8.1.tgz. Extracting by manifest.
1429 silly tarball no local data for node-releases@https://registry.npmjs.org/node-releases/-/node-releases-2.0.51.tgz. Extracting by manifest.
1430 silly tarball no local data for update-browserslist-db@https://registry.npmjs.org/update-browserslist-db/-/update-browserslist-db-1.2.3.tgz. Extracting by manifest.
1431 silly tarball no local data for rgbcolor@https://registry.npmjs.org/rgbcolor/-/rgbcolor-1.0.1.tgz. Extracting by manifest.
1432 silly tarball no local data for electron-to-chromium@https://registry.npmjs.org/electron-to-chromium/-/electron-to-chromium-1.5.396.tgz. Extracting by manifest.
1433 silly tarball no local data for @emnapi/runtime@https://registry.npmjs.org/@emnapi/runtime/-/runtime-1.11.3.tgz. Extracting by manifest.
1434 silly tarball no local data for baseline-browser-mapping@https://registry.npmjs.org/baseline-browser-mapping/-/baseline-browser-mapping-2.11.3.tgz. Extracting by manifest.
1435 silly tarball no local data for postcss-value-parser@https://registry.npmjs.org/postcss-value-parser/-/postcss-value-parser-4.2.0.tgz. Extracting by manifest.
1436 silly tarball no local data for fraction.js@https://registry.npmjs.org/fraction.js/-/fraction.js-5.3.4.tgz. Extracting by manifest.
1437 silly tarball no local data for picocolors@https://registry.npmjs.org/picocolors/-/picocolors-1.1.1.tgz. Extracting by manifest.
1438 silly tarball no local data for caniuse-lite@https://registry.npmjs.org/caniuse-lite/-/caniuse-lite-1.0.30001806.tgz. Extracting by manifest.
1439 silly tarball no local data for browserslist@https://registry.npmjs.org/browserslist/-/browserslist-4.28.7.tgz. Extracting by manifest.
1440 silly tarball no local data for undici-types@https://registry.npmjs.org/undici-types/-/undici-types-7.18.2.tgz. Extracting by manifest.
1441 silly tarball no local data for tailwindcss@https://registry.npmjs.org/tailwindcss/-/tailwindcss-3.4.19.tgz. Extracting by manifest.
1442 silly tarball no local data for react-dom@https://registry.npmjs.org/react-dom/-/react-dom-19.2.8.tgz. Extracting by manifest.
1443 silly tarball no local data for qrcode@https://registry.npmjs.org/qrcode/-/qrcode-1.5.4.tgz. Extracting by manifest.
1444 silly tarball no local data for next@https://registry.npmjs.org/next/-/next-15.5.22.tgz. Extracting by manifest.
1445 silly tarball no local data for csstype@https://registry.npmjs.org/csstype/-/csstype-3.2.3.tgz. Extracting by manifest.
1446 silly tarball no local data for lucide-react@https://registry.npmjs.org/lucide-react/-/lucide-react-0.542.0.tgz. Extracting by manifest.
1447 silly tarball no local data for jspdf@https://registry.npmjs.org/jspdf/-/jspdf-3.0.4.tgz. Extracting by manifest.
1448 silly tarball no local data for html-to-image@https://registry.npmjs.org/html-to-image/-/html-to-image-1.11.13.tgz. Extracting by manifest.
1449 silly tarball no local data for framer-motion@https://registry.npmjs.org/framer-motion/-/framer-motion-11.18.2.tgz. Extracting by manifest.
1450 silly tarball no local data for postcss@https://registry.npmjs.org/postcss/-/postcss-8.5.23.tgz. Extracting by manifest.
1451 silly tarball no local data for autoprefixer@https://registry.npmjs.org/autoprefixer/-/autoprefixer-10.5.4.tgz. Extracting by manifest.
1452 silly tarball no local data for @types/react-dom@https://registry.npmjs.org/@types/react-dom/-/react-dom-19.2.3.tgz. Extracting by manifest.
1453 silly tarball no local data for typescript@https://registry.npmjs.org/typescript/-/typescript-5.9.3.tgz. Extracting by manifest.
1454 silly tarball no local data for @types/react@https://registry.npmjs.org/@types/react/-/react-19.2.17.tgz. Extracting by manifest.
1455 silly tarball no local data for @types/node@https://registry.npmjs.org/@types/node/-/node-24.13.3.tgz. Extracting by manifest.
1456 silly tarball no local data for picomatch@https://registry.npmjs.org/picomatch/-/picomatch-4.0.5.tgz. Extracting by manifest.
1457 silly tarball no local data for fdir@https://registry.npmjs.org/fdir/-/fdir-6.5.0.tgz. Extracting by manifest.
1458 silly tarball no local data for glob-parent@https://registry.npmjs.org/glob-parent/-/glob-parent-5.1.2.tgz. Extracting by manifest.
1459 silly tarball no local data for glob-parent@https://registry.npmjs.org/glob-parent/-/glob-parent-5.1.2.tgz. Extracting by manifest.
1460 silly tarball no local data for postcss@https://registry.npmjs.org/postcss/-/postcss-8.4.31.tgz. Extracting by manifest.
1461 silly tarball no local data for react@https://registry.npmjs.org/react/-/react-19.2.8.tgz. Extracting by manifest.
1462 http fetch GET 200 https://registry.npmjs.org/p-try/-/p-try-2.2.0.tgz 66ms (cache miss)
1463 http fetch GET 200 https://registry.npmjs.org/ansi-regex/-/ansi-regex-5.0.1.tgz 66ms (cache miss)
1464 http fetch GET 200 https://registry.npmjs.org/color-name/-/color-name-1.1.4.tgz 72ms (cache miss)
1465 http fetch GET 200 https://registry.npmjs.org/is-fullwidth-code-point/-/is-fullwidth-code-point-3.0.0.tgz 76ms (cache miss)
1466 http fetch GET 200 https://registry.npmjs.org/camelcase/-/camelcase-5.3.1.tgz 77ms (cache miss)
1467 http fetch GET 200 https://registry.npmjs.org/color-convert/-/color-convert-2.0.1.tgz 78ms (cache miss)
1468 http fetch GET 200 https://registry.npmjs.org/which-module/-/which-module-2.0.1.tgz 97ms (cache miss)
1469 http fetch GET 200 https://registry.npmjs.org/wrap-ansi/-/wrap-ansi-6.2.0.tgz 106ms (cache miss)
1470 http fetch GET 200 https://registry.npmjs.org/get-caller-file/-/get-caller-file-2.0.5.tgz 139ms (cache miss)
1471 http fetch GET 200 https://registry.npmjs.org/find-up/-/find-up-4.1.0.tgz 140ms (cache miss)
1472 http fetch GET 200 https://registry.npmjs.org/string-width/-/string-width-4.2.3.tgz 141ms (cache miss)
1473 http fetch GET 200 https://registry.npmjs.org/require-directory/-/require-directory-2.1.1.tgz 141ms (cache miss)
1474 http fetch GET 200 https://registry.npmjs.org/set-blocking/-/set-blocking-2.0.0.tgz 141ms (cache miss)
1475 http fetch GET 200 https://registry.npmjs.org/decamelize/-/decamelize-1.2.0.tgz 146ms (cache miss)
1476 http fetch GET 200 https://registry.npmjs.org/escalade/-/escalade-3.2.0.tgz 183ms (cache miss)
1477 http fetch GET 200 https://registry.npmjs.org/base64-arraybuffer/-/base64-arraybuffer-1.0.2.tgz 190ms (cache miss)
1478 http fetch GET 200 https://registry.npmjs.org/require-main-filename/-/require-main-filename-2.0.0.tgz 192ms (cache miss)
1479 http fetch GET 200 https://registry.npmjs.org/thenify/-/thenify-3.3.1.tgz 191ms (cache miss)
1480 http fetch GET 200 https://registry.npmjs.org/cliui/-/cliui-6.0.0.tgz 192ms (cache miss)
1481 http fetch GET 200 https://registry.npmjs.org/is-number/-/is-number-7.0.0.tgz 191ms (cache miss)
1482 http fetch GET 200 https://registry.npmjs.org/y18n/-/y18n-4.0.3.tgz 206ms (cache miss)
1483 http fetch GET 200 https://registry.npmjs.org/ansi-styles/-/ansi-styles-4.3.0.tgz 210ms (cache miss)
1484 http fetch GET 200 https://registry.npmjs.org/p-locate/-/p-locate-4.1.0.tgz 214ms (cache miss)
1485 http fetch GET 200 https://registry.npmjs.org/p-limit/-/p-limit-2.3.0.tgz 214ms (cache miss)
1486 http fetch GET 200 https://registry.npmjs.org/path-exists/-/path-exists-4.0.0.tgz 215ms (cache miss)
1487 http fetch POST 200 https://registry.npmjs.org/-/npm/v1/security/advisories/bulk 232ms
1488 silly audit report {
1488 silly audit report   postcss: [
1488 silly audit report     {
1488 silly audit report       id: 1117015,
1488 silly audit report       url: 'https://github.com/advisories/GHSA-qx2v-qp2m-jg93',
1488 silly audit report       title: 'PostCSS has XSS via Unescaped </style> in its CSS Stringify Output',
1488 silly audit report       severity: 'moderate',
1488 silly audit report       vulnerable_versions: '<8.5.10',
1488 silly audit report       cwe: [Array],
1488 silly audit report       cvss: [Object]
1488 silly audit report     },
1488 silly audit report     {
1488 silly audit report       id: 1124252,
1488 silly audit report       url: 'https://github.com/advisories/GHSA-6g55-p6wh-862q',
1488 silly audit report       title: 'PostCSS: Arbitrary file read and information disclosure via attacker-controlled sourceMappingURL in CSS comments',
1488 silly audit report       severity: 'high',
1488 silly audit report       vulnerable_versions: '<=8.5.11',
1488 silly audit report       cwe: [Array],
1488 silly audit report       cvss: [Object]
1488 silly audit report     },
1488 silly audit report     {
1488 silly audit report       id: 1124288,
1488 silly audit report       url: 'https://github.com/advisories/GHSA-r28c-9q8g-f849',
1488 silly audit report       title: 'PostCSS: Path Traversal in Previous Source Map Auto-Loading (sourceMappingURL) leads to Arbitrary .map File Disclosure',
1488 silly audit report       severity: 'high',
1488 silly audit report       vulnerable_versions: '<=8.5.17',
1488 silly audit report       cwe: [Array],
1488 silly audit report       cvss: [Object]
1488 silly audit report     }
1488 silly audit report   ],
1488 silly audit report   jspdf: [
1488 silly audit report     {
1488 silly audit report       id: 1112264,
1488 silly audit report       url: 'https://github.com/advisories/GHSA-f8cm-6447-x5h2',
1488 silly audit report       title: 'jsPDF has Local File Inclusion/Path Traversal vulnerability',
1488 silly audit report       severity: 'critical',
1488 silly audit report       vulnerable_versions: '<=3.0.4',
1488 silly audit report       cwe: [Array],
1488 silly audit report       cvss: [Object]
1488 silly audit report     },
1488 silly audit report     {
1488 silly audit report       id: 1112801,
1488 silly audit report       url: 'https://github.com/advisories/GHSA-pqxr-3g65-p328',
1488 silly audit report       title: 'jsPDF has PDF Injection in AcroFormChoiceField that allows Arbitrary JavaScript Execution',
1488 silly audit report       severity: 'high',
1488 silly audit report       vulnerable_versions: '<=4.0.0',
1488 silly audit report       cwe: [Array],
1488 silly audit report       cvss: [Object]
1488 silly audit report     },
1488 silly audit report     {
1488 silly audit report       id: 1112802,
1488 silly audit report       url: 'https://github.com/advisories/GHSA-95fx-jjr5-f39c',
1488 silly audit report       title: 'jsPDF Vulnerable to Denial of Service (DoS) via Unvalidated BMP Dimensions in BMPDecoder',
1488 silly audit report       severity: 'high',
1488 silly audit report       vulnerable_versions: '<=4.0.0',
1488 silly audit report       cwe: [Array],
1488 silly audit report       cvss: [Object]
1488 silly audit report     },
1488 silly audit report     {
1488 silly audit report       id: 1112803,
1488 silly audit report       url: 'https://github.com/advisories/GHSA-vm32-vv63-w422',
1488 silly audit report       title: 'jsPDF Vulnerable to Stored XMP Metadata Injection (Spoofing & Integrity Violation)',
1488 silly audit report       severity: 'moderate',
1488 silly audit report       vulnerable_versions: '<=4.0.0',
1488 silly audit report       cwe: [Array],
1488 silly audit report       cvss: [Object]
1488 silly audit report     },
1488 silly audit report     {
1488 silly audit report       id: 1112804,
1488 silly audit report       url: 'https://github.com/advisories/GHSA-cjw8-79x6-5cj4',
1488 silly audit report       title: 'jsPDF has Shared State Race Condition in addJS Plugin',
1488 silly audit report       severity: 'moderate',
1488 silly audit report       vulnerable_versions: '<=4.0.0',
1488 silly audit report       cwe: [Array],
1488 silly audit report       cvss: [Object]
1488 silly audit report     },
1488 silly audit report     {
1488 silly audit report       id: 1113310,
1488 silly audit report       url: 'https://github.com/advisories/GHSA-9vjf-qc39-jprp',
1488 silly audit report       title: 'jsPDF has a PDF Object Injection via Unsanitized Input in addJS Method',
1488 silly audit report       severity: 'high',
1488 silly audit report       vulnerable_versions: '<4.2.0',
1488 silly audit report       cwe: [Array],
1488 silly audit report       cvss: [Object]
1488 silly audit report     },
1488 silly audit report     {
1488 silly audit report       id: 1113324,
1488 silly audit report       url: 'https://github.com/advisories/GHSA-67pg-wm7f-q7fj',
1488 silly audit report       title: 'jsPDF Affected by Client-Side/Server-Side Denial of Service via Malicious GIF Dimensions',
1488 silly audit report       severity: 'high',
1488 silly audit report       vulnerable_versions: '<4.2.0',
1488 silly audit report       cwe: [Array],
1488 silly audit report       cvss: [Object]
1488 silly audit report     },
1488 silly audit report     {
1488 silly audit report       id: 1114396,
1488 silly audit report       url: 'https://github.com/advisories/GHSA-p5xg-68wr-hm3m',
1488 silly audit report       title: 'jsPDF has a PDF Injection in AcroForm module allows Arbitrary JavaScript Execution (RadioButton.createOption and "AS" property)',
1488 silly audit report       severity: 'high',
1488 silly audit report       vulnerable_versions: '<4.2.0',
1488 silly audit report       cwe: [Array],
1488 silly audit report       cvss: [Object]
1488 silly audit report     },
1488 silly audit report     {
1488 silly audit report       id: 1114950,
1488 silly audit report       url: 'https://github.com/advisories/GHSA-7x6v-j9x4-qf24',
1488 silly audit report       title: 'jsPDF has a PDF Object Injection via FreeText color',
1488 silly audit report       severity: 'high',
1488 silly audit report       vulnerable_versions: '<=4.2.0',
1488 silly audit report       cwe: [Array],
1488 silly audit report       cvss: [Object]
1488 silly audit report     },
1488 silly audit report     {
1488 silly audit report       id: 1114974,
1488 silly audit report       url: 'https://github.com/advisories/GHSA-wfv2-pwc8-crg5',
1488 silly audit report       title: 'jsPDF has HTML Injection in New Window paths',
1488 silly audit report       severity: 'critical',
1488 silly audit report       vulnerable_versions: '<=4.2.0',
1488 silly audit report       cwe: [Array],
1488 silly audit report       cvss: [Object]
1488 silly audit report     }
1488 silly audit report   ],
1488 silly audit report   sharp: [
1488 silly audit report     {
1488 silly audit report       id: 1124066,
1488 silly audit report       url: 'https://github.com/advisories/GHSA-f88m-g3jw-g9cj',
1488 silly audit report       title: 'sharp inherited vulnerabilities in libvips: CVE-2026-33327, CVE-2026-33328, CVE-2026-35590, CVE-2026-35591',
1488 silly audit report       severity: 'high',
1488 silly audit report       vulnerable_versions: '<0.35.0',
1488 silly audit report       cwe: [Array],
1488 silly audit report       cvss: [Object]
1488 silly audit report     }
1488 silly audit report   ]
1488 silly audit report }
1489 silly packumentCache corgi:https://registry.npmjs.org/postcss cache-miss
1490 silly packumentCache corgi:https://registry.npmjs.org/jspdf cache-miss
1491 silly packumentCache corgi:https://registry.npmjs.org/sharp cache-miss
1492 http fetch GET 200 https://registry.npmjs.org/strip-ansi/-/strip-ansi-6.0.1.tgz 223ms (cache miss)
1493 http fetch GET 200 https://registry.npmjs.org/locate-path/-/locate-path-5.0.0.tgz 224ms (cache miss)
1494 http fetch GET 200 https://registry.npmjs.org/yargs-parser/-/yargs-parser-18.1.3.tgz 225ms (cache miss)
1495 http fetch GET 200 https://registry.npmjs.org/object-assign/-/object-assign-4.1.1.tgz 223ms (cache miss)
1496 http fetch GET 200 https://registry.npmjs.org/@jridgewell/sourcemap-codec/-/sourcemap-codec-1.5.5.tgz 240ms (cache miss)
1497 http fetch GET 200 https://registry.npmjs.org/thenify-all/-/thenify-all-1.6.0.tgz 241ms (cache miss)
1498 http fetch GET 200 https://registry.npmjs.org/ts-interface-checker/-/ts-interface-checker-0.1.13.tgz 244ms (cache miss)
1499 http fetch GET 200 https://registry.npmjs.org/any-promise/-/any-promise-1.3.0.tgz 247ms (cache miss)
1500 http fetch GET 200 https://registry.npmjs.org/emoji-regex/-/emoji-regex-8.0.0.tgz 259ms (cache miss)
1501 http fetch GET 200 https://registry.npmjs.org/@jridgewell/resolve-uri/-/resolve-uri-3.1.2.tgz 261ms (cache miss)
1502 http fetch GET 200 https://registry.npmjs.org/function-bind/-/function-bind-1.1.2.tgz 263ms (cache miss)
1503 http fetch GET 200 https://registry.npmjs.org/pirates/-/pirates-4.0.7.tgz 266ms (cache miss)
1504 http fetch GET 200 https://registry.npmjs.org/lines-and-columns/-/lines-and-columns-1.2.4.tgz 266ms (cache miss)
1505 http fetch GET 200 https://registry.npmjs.org/@jridgewell/trace-mapping/-/trace-mapping-0.3.31.tgz 269ms (cache miss)
1506 http fetch GET 200 https://registry.npmjs.org/mz/-/mz-2.7.0.tgz 268ms (cache miss)
1507 http fetch GET 200 https://registry.npmjs.org/tinyglobby/-/tinyglobby-0.2.17.tgz 271ms (cache miss)
1508 http fetch GET 200 https://registry.npmjs.org/hasown/-/hasown-2.0.4.tgz 275ms (cache miss)
1509 http fetch GET 200 https://registry.npmjs.org/queue-microtask/-/queue-microtask-1.2.3.tgz 277ms (cache miss)
1510 http fetch GET 200 https://registry.npmjs.org/commander/-/commander-4.1.1.tgz 281ms (cache miss)
1511 http fetch GET 200 https://registry.npmjs.org/supports-preserve-symlinks-flag/-/supports-preserve-symlinks-flag-1.0.0.tgz 289ms (cache miss)
1512 http fetch GET 200 https://registry.npmjs.org/@jridgewell/gen-mapping/-/gen-mapping-0.3.13.tgz 291ms (cache miss)
1513 http fetch GET 200 https://registry.npmjs.org/path-parse/-/path-parse-1.0.7.tgz 294ms (cache miss)
1514 http fetch GET 200 https://registry.npmjs.org/es-errors/-/es-errors-1.3.0.tgz 298ms (cache miss)
1515 http fetch GET 200 https://registry.npmjs.org/util-deprecate/-/util-deprecate-1.0.2.tgz 300ms (cache miss)
1516 http fetch GET 200 https://registry.npmjs.org/pify/-/pify-2.3.0.tgz 305ms (cache miss)
1517 http fetch GET 200 https://registry.npmjs.org/is-extglob/-/is-extglob-2.1.1.tgz 316ms (cache miss)
1518 http fetch GET 200 https://registry.npmjs.org/camelcase-css/-/camelcase-css-2.0.1.tgz 320ms (cache miss)
1519 http fetch GET 200 https://registry.npmjs.org/is-core-module/-/is-core-module-2.16.2.tgz 322ms (cache miss)
1520 http fetch GET 200 https://registry.npmjs.org/binary-extensions/-/binary-extensions-2.3.0.tgz 323ms (cache miss)
1521 http fetch GET 200 https://registry.npmjs.org/cssesc/-/cssesc-3.0.0.tgz 324ms (cache miss)
1522 http fetch GET 200 https://registry.npmjs.org/to-regex-range/-/to-regex-range-5.0.1.tgz 328ms (cache miss)
1523 http fetch GET 200 https://registry.npmjs.org/read-cache/-/read-cache-1.0.0.tgz 329ms (cache miss)
1524 http fetch GET 200 https://registry.npmjs.org/reusify/-/reusify-1.1.0.tgz 331ms (cache miss)
1525 http fetch GET 200 https://registry.npmjs.org/run-parallel/-/run-parallel-1.2.0.tgz 339ms (cache miss)
1526 http fetch GET 200 https://registry.npmjs.org/@nodelib/fs.scandir/-/fs.scandir-2.1.5.tgz 340ms (cache miss)
1527 http fetch GET 200 https://registry.npmjs.org/fill-range/-/fill-range-7.1.1.tgz 341ms (cache miss)
1528 http fetch GET 200 https://registry.npmjs.org/fastq/-/fastq-1.20.1.tgz 343ms (cache miss)
1529 http fetch GET 200 https://registry.npmjs.org/merge2/-/merge2-1.4.1.tgz 347ms (cache miss)
1530 http fetch GET 200 https://registry.npmjs.org/@nodelib/fs.walk/-/fs.walk-1.2.8.tgz 352ms (cache miss)
1531 http fetch GET 200 https://registry.npmjs.org/is-binary-path/-/is-binary-path-2.1.0.tgz 373ms (cache miss)
1532 http fetch GET 200 https://registry.npmjs.org/postcss-load-config/-/postcss-load-config-6.0.1.tgz 377ms (cache miss)
1533 http fetch GET 200 https://registry.npmjs.org/object-hash/-/object-hash-3.0.0.tgz 387ms (cache miss)
1534 http fetch GET 200 https://registry.npmjs.org/postcss-import/-/postcss-import-15.1.0.tgz 396ms (cache miss)
1535 http fetch GET 200 https://registry.npmjs.org/postcss-js/-/postcss-js-4.1.0.tgz 398ms (cache miss)
1536 http fetch GET 200 https://registry.npmjs.org/micromatch/-/micromatch-4.0.8.tgz 400ms (cache miss)
1537 http fetch GET 200 https://registry.npmjs.org/braces/-/braces-3.0.3.tgz 405ms (cache miss)
1538 http fetch GET 200 https://registry.npmjs.org/normalize-path/-/normalize-path-3.0.0.tgz 419ms (cache miss)
1539 http fetch GET 200 https://registry.npmjs.org/resolve/-/resolve-1.22.12.tgz 431ms (cache miss)
1540 http fetch GET 200 https://registry.npmjs.org/is-glob/-/is-glob-4.0.3.tgz 453ms (cache miss)
1541 http fetch GET 200 https://registry.npmjs.org/lilconfig/-/lilconfig-3.1.3.tgz 459ms (cache miss)
1542 http fetch GET 200 https://registry.npmjs.org/glob-parent/-/glob-parent-6.0.2.tgz 486ms (cache miss)
1543 http fetch GET 200 https://registry.npmjs.org/dlv/-/dlv-1.1.3.tgz 486ms (cache miss)
1544 http fetch GET 200 https://registry.npmjs.org/@nodelib/fs.stat/-/fs.stat-2.0.5.tgz 491ms (cache miss)
1545 http fetch GET 200 https://registry.npmjs.org/didyoumean/-/didyoumean-1.2.2.tgz 497ms (cache miss)
1546 http fetch GET 200 https://registry.npmjs.org/readdirp/-/readdirp-3.6.0.tgz 505ms (cache miss)
1547 http fetch GET 200 https://registry.npmjs.org/anymatch/-/anymatch-3.1.3.tgz 507ms (cache miss)
1548 http fetch GET 200 https://registry.npmjs.org/arg/-/arg-5.0.2.tgz 512ms (cache miss)
1549 http fetch GET 200 https://registry.npmjs.org/jiti/-/jiti-1.21.7.tgz 514ms (cache miss)
1550 http fetch GET 200 https://registry.npmjs.org/@alloc/quick-lru/-/quick-lru-5.2.0.tgz 521ms (cache miss)
1551 http fetch GET 200 https://registry.npmjs.org/client-only/-/client-only-0.0.1.tgz 529ms (cache miss)
1552 http fetch GET 200 https://registry.npmjs.org/chokidar/-/chokidar-3.6.0.tgz 544ms (cache miss)
1553 http fetch GET 200 https://registry.npmjs.org/picomatch/-/picomatch-2.3.2.tgz 545ms (cache miss)
1554 http fetch GET 200 https://registry.npmjs.org/fast-glob/-/fast-glob-3.3.3.tgz 544ms (cache miss)
1555 http fetch GET 200 https://registry.npmjs.org/sucrase/-/sucrase-3.35.1.tgz 550ms (cache miss)
1556 http fetch GET 200 https://registry.npmjs.org/fsevents/-/fsevents-2.3.3.tgz 551ms (cache miss)
1557 http fetch GET 200 https://registry.npmjs.org/semver/-/semver-7.8.5.tgz 550ms (cache miss)
1558 http fetch GET 200 https://registry.npmjs.org/postcss-nested/-/postcss-nested-6.2.0.tgz 553ms (cache miss)
1559 http fetch GET 200 https://registry.npmjs.org/postcss-selector-parser/-/postcss-selector-parser-6.1.4.tgz 559ms (cache miss)
1560 http fetch GET 200 https://registry.npmjs.org/@img/colour/-/colour-1.1.0.tgz 568ms (cache miss)
1561 http fetch GET 200 https://registry.npmjs.org/performance-now/-/performance-now-2.1.0.tgz 579ms (cache miss)
1562 http fetch GET 200 https://registry.npmjs.org/yargs/-/yargs-15.4.1.tgz 598ms (cache miss)
1563 http fetch GET 200 https://registry.npmjs.org/source-map-js/-/source-map-js-1.2.1.tgz 602ms (cache miss)
1564 http fetch GET 200 https://registry.npmjs.org/nanoid/-/nanoid-3.3.16.tgz 601ms (cache miss)
1565 http fetch GET 200 https://registry.npmjs.org/pngjs/-/pngjs-5.0.0.tgz 635ms (cache miss)
1566 http fetch GET 200 https://registry.npmjs.org/detect-libc/-/detect-libc-2.1.2.tgz 641ms (cache miss)
1567 http fetch GET 200 https://registry.npmjs.org/sharp/-/sharp-0.34.5.tgz 650ms (cache miss)
1568 http fetch GET 200 https://registry.npmjs.org/@next/env/-/env-15.5.22.tgz 651ms (cache miss)
1569 http fetch GET 200 https://registry.npmjs.org/scheduler/-/scheduler-0.27.0.tgz 654ms (cache miss)
1570 http fetch GET 200 https://registry.npmjs.org/text-segmentation/-/text-segmentation-1.0.3.tgz 683ms (cache miss)
1571 http fetch GET 200 https://registry.npmjs.org/iobuffer/-/iobuffer-5.4.0.tgz 741ms (cache miss)
1572 http fetch GET 200 https://registry.npmjs.org/regenerator-runtime/-/regenerator-runtime-0.13.11.tgz 801ms (cache miss)
1573 http fetch GET 200 https://registry.npmjs.org/css-line-break/-/css-line-break-2.1.0.tgz 825ms (cache miss)
1574 http fetch GET 200 https://registry.npmjs.org/dijkstrajs/-/dijkstrajs-1.0.3.tgz 829ms (cache miss)
1575 http fetch GET 200 https://registry.npmjs.org/@img/sharp-darwin-arm64/-/sharp-darwin-arm64-0.34.5.tgz 830ms (cache miss)
1576 http fetch GET 200 https://registry.npmjs.org/utrie/-/utrie-1.0.2.tgz 852ms (cache miss)
1577 http fetch GET 200 https://registry.npmjs.org/styled-jsx/-/styled-jsx-5.1.6.tgz 858ms (cache miss)
1578 http fetch GET 200 https://registry.npmjs.org/svg-pathdata/-/svg-pathdata-6.0.3.tgz 858ms (cache miss)
1579 http fetch GET 200 https://registry.npmjs.org/raf/-/raf-3.4.1.tgz 867ms (cache miss)
1580 http fetch GET 200 https://registry.npmjs.org/stackblur-canvas/-/stackblur-canvas-2.7.0.tgz 872ms (cache miss)
1581 http fetch GET 200 https://registry.npmjs.org/pako/-/pako-2.2.0.tgz 875ms (cache miss)
1582 http fetch GET 200 https://registry.npmjs.org/@types/trusted-types/-/trusted-types-2.0.7.tgz 890ms (cache miss)
1583 http fetch GET 200 https://registry.npmjs.org/@swc/helpers/-/helpers-0.5.15.tgz 913ms (cache miss)
1584 http fetch GET 200 https://registry.npmjs.org/motion-utils/-/motion-utils-11.18.1.tgz 1062ms (cache miss)
1585 http fetch GET 200 https://registry.npmjs.org/@types/raf/-/raf-3.4.3.tgz 1145ms (cache miss)
1586 http fetch GET 200 https://registry.npmjs.org/fast-png/-/fast-png-6.4.0.tgz 1203ms (cache miss)
1587 http fetch GET 200 https://registry.npmjs.org/tslib/-/tslib-2.8.1.tgz 1220ms (cache miss)
1588 http fetch GET 200 https://registry.npmjs.org/update-browserslist-db/-/update-browserslist-db-1.2.3.tgz 1228ms (cache miss)
1589 http fetch GET 200 https://registry.npmjs.org/rgbcolor/-/rgbcolor-1.0.1.tgz 1273ms (cache miss)
1590 http fetch GET 200 https://registry.npmjs.org/postcss-value-parser/-/postcss-value-parser-4.2.0.tgz 1451ms (cache miss)
1591 http fetch GET 200 https://registry.npmjs.org/fflate/-/fflate-0.8.3.tgz 1495ms (cache miss)
1592 http fetch GET 200 https://registry.npmjs.org/canvg/-/canvg-3.0.11.tgz 1509ms (cache miss)
1593 http fetch GET 200 https://registry.npmjs.org/baseline-browser-mapping/-/baseline-browser-mapping-2.11.3.tgz 1527ms (cache miss)
1594 http fetch GET 200 https://registry.npmjs.org/@emnapi/runtime/-/runtime-1.11.3.tgz 1539ms (cache miss)
1595 http fetch GET 200 https://registry.npmjs.org/picocolors/-/picocolors-1.1.1.tgz 1561ms (cache miss)
1596 http fetch GET 200 https://registry.npmjs.org/@babel/runtime/-/runtime-7.29.7.tgz 1614ms (cache miss)
1597 http fetch GET 200 https://registry.npmjs.org/fraction.js/-/fraction.js-5.3.4.tgz 1634ms (cache miss)
1598 http fetch GET 200 https://registry.npmjs.org/motion-dom/-/motion-dom-11.18.1.tgz 1760ms (cache miss)
1599 http fetch GET 200 https://registry.npmjs.org/dompurify/-/dompurify-3.4.12.tgz 1799ms (cache miss)
1600 http fetch GET 200 https://registry.npmjs.org/electron-to-chromium/-/electron-to-chromium-1.5.396.tgz 1809ms (cache miss)
1601 http fetch GET 200 https://registry.npmjs.org/browserslist/-/browserslist-4.28.7.tgz 1813ms (cache miss)
1602 http fetch GET 200 https://registry.npmjs.org/@types/pako/-/pako-2.0.4.tgz 1859ms (cache miss)
1603 http fetch GET 200 https://registry.npmjs.org/undici-types/-/undici-types-7.18.2.tgz 1855ms (cache miss)
1604 http fetch GET 200 https://registry.npmjs.org/qrcode/-/qrcode-1.5.4.tgz 1873ms (cache miss)
1605 http fetch GET 200 https://registry.npmjs.org/node-releases/-/node-releases-2.0.51.tgz 2157ms (cache miss)
1606 http fetch GET 200 https://registry.npmjs.org/html2canvas/-/html2canvas-1.4.1.tgz 2195ms (cache miss)
1607 http fetch GET 200 https://registry.npmjs.org/csstype/-/csstype-3.2.3.tgz 2331ms (cache miss)
1608 http fetch GET 200 https://registry.npmjs.org/core-js/-/core-js-3.49.0.tgz 2358ms (cache miss)
1609 http fetch GET 200 https://registry.npmjs.org/@types/react-dom/-/react-dom-19.2.3.tgz 2375ms (cache miss)
1610 http fetch GET 200 https://registry.npmjs.org/autoprefixer/-/autoprefixer-10.5.4.tgz 2384ms (cache miss)
1611 http fetch GET 200 https://registry.npmjs.org/picomatch/-/picomatch-4.0.5.tgz 2632ms (cache miss)
1612 http fetch GET 200 https://registry.npmjs.org/framer-motion/-/framer-motion-11.18.2.tgz 2654ms (cache miss)
1613 http fetch GET 200 https://registry.npmjs.org/@types/react/-/react-19.2.17.tgz 2673ms (cache miss)
1614 http fetch GET 200 https://registry.npmjs.org/postcss/-/postcss-8.5.23.tgz 2681ms (cache miss)
1615 http fetch GET 200 https://registry.npmjs.org/html-to-image/-/html-to-image-1.11.13.tgz 2740ms (cache miss)
1616 http fetch GET 200 https://registry.npmjs.org/glob-parent/-/glob-parent-5.1.2.tgz 2798ms (cache miss)
1617 http fetch GET 200 https://registry.npmjs.org/fdir/-/fdir-6.5.0.tgz 2811ms (cache miss)
1618 http fetch GET 200 https://registry.npmjs.org/tailwindcss/-/tailwindcss-3.4.19.tgz 2819ms (cache miss)
1619 http fetch GET 200 https://registry.npmjs.org/glob-parent/-/glob-parent-5.1.2.tgz 2851ms (cache miss)
1620 http fetch GET 200 https://registry.npmjs.org/react/-/react-19.2.8.tgz 2933ms (cache miss)
1621 http fetch GET 200 https://registry.npmjs.org/postcss 2858ms (cache miss)
1622 silly packumentCache corgi:https://registry.npmjs.org/postcss set size:undefined disposed:false
1623 http fetch GET 200 https://registry.npmjs.org/caniuse-lite/-/caniuse-lite-1.0.30001806.tgz 3080ms (cache miss)
1624 http fetch GET 200 https://registry.npmjs.org/postcss/-/postcss-8.4.31.tgz 3087ms (cache miss)
1625 http fetch GET 200 https://registry.npmjs.org/jspdf 2977ms (cache miss)
1626 silly packumentCache corgi:https://registry.npmjs.org/jspdf set size:undefined disposed:false
1627 http fetch GET 200 https://registry.npmjs.org/sharp 3067ms (cache miss)
1628 silly packumentCache corgi:https://registry.npmjs.org/sharp set size:undefined disposed:false
1629 silly packumentCache corgi:https://registry.npmjs.org/next cache-miss
1630 http fetch GET 200 https://registry.npmjs.org/@types/node/-/node-24.13.3.tgz 3681ms (cache miss)
1631 http fetch GET 200 https://registry.npmjs.org/@img/sharp-libvips-darwin-arm64/-/sharp-libvips-darwin-arm64-1.2.4.tgz 3707ms (cache miss)
1632 http fetch GET 200 https://registry.npmjs.org/next 1987ms (cache miss)
1633 silly packumentCache corgi:https://registry.npmjs.org/next set size:undefined disposed:false
1634 http fetch GET 200 https://registry.npmjs.org/react-dom/-/react-dom-19.2.8.tgz 6792ms (cache miss)
1635 http fetch GET 200 https://registry.npmjs.org/@next/swc-darwin-arm64/-/swc-darwin-arm64-15.5.22.tgz 9131ms (cache miss)
1636 http fetch GET 200 https://registry.npmjs.org/jspdf/-/jspdf-3.0.4.tgz 9529ms (cache miss)
1637 http fetch GET 200 https://registry.npmjs.org/lucide-react/-/lucide-react-0.542.0.tgz 10448ms (cache miss)
1638 http fetch GET 200 https://registry.npmjs.org/typescript/-/typescript-5.9.3.tgz 11794ms (cache miss)
1639 http fetch GET 200 https://registry.npmjs.org/next/-/next-15.5.22.tgz 14371ms (cache miss)
1640 info run fsevents@2.3.3 install node_modules/fsevents node-gyp rebuild
1641 info run sharp@0.34.5 install node_modules/sharp node install/check.js || npm run build
1642 info run fsevents@2.3.3 install { code: 1, signal: null }
1643 verbose reify failed optional dependency /Users/theonesysetem/StudioProjects/invitation/node_modules/fsevents
1644 silly reify mark deleted [
1644 silly reify   '/Users/theonesysetem/StudioProjects/invitation/node_modules/fsevents'
1644 silly reify ]
1645 info run sharp@0.34.5 install { code: 0, signal: null }
1646 info run core-js@3.49.0 postinstall node_modules/core-js node -e "try{require('./postinstall')}catch(e){}"
1647 info run core-js@3.49.0 postinstall { code: 0, signal: null }
1648 silly ADD node_modules/camelcase
1649 silly ADD node_modules/color-name
1650 silly ADD node_modules/color-convert
1651 silly ADD node_modules/ansi-styles
1652 silly ADD node_modules/ansi-regex
1653 silly ADD node_modules/is-fullwidth-code-point
1654 silly ADD node_modules/emoji-regex
1655 silly ADD node_modules/p-try
1656 silly ADD node_modules/p-limit
1657 silly ADD node_modules/p-locate
1658 silly ADD node_modules/path-exists
1659 silly ADD node_modules/locate-path
1660 silly ADD node_modules/wrap-ansi
1661 silly ADD node_modules/strip-ansi
1662 silly ADD node_modules/yargs-parser
1663 silly ADD node_modules/y18n
1664 silly ADD node_modules/which-module
1665 silly ADD node_modules/string-width
1666 silly ADD node_modules/set-blocking
1667 silly ADD node_modules/require-main-filename
1668 silly ADD node_modules/require-directory
1669 silly ADD node_modules/get-caller-file
1670 silly ADD node_modules/find-up
1671 silly ADD node_modules/decamelize
1672 silly ADD node_modules/cliui
1673 silly ADD node_modules/base64-arraybuffer
1674 silly ADD node_modules/escalade
1675 silly ADD node_modules/is-number
1676 silly ADD node_modules/thenify
1677 silly ADD node_modules/thenify-all
1678 silly ADD node_modules/object-assign
1679 silly ADD node_modules/any-promise
1680 silly ADD node_modules/@jridgewell/resolve-uri
1681 silly ADD node_modules/@jridgewell/trace-mapping
1682 silly ADD node_modules/@jridgewell/sourcemap-codec
1683 silly ADD node_modules/ts-interface-checker
1684 silly ADD node_modules/tinyglobby
1685 silly ADD node_modules/tinyglobby/node_modules/picomatch
1686 silly ADD node_modules/tinyglobby/node_modules/fdir
1687 silly ADD node_modules/pirates
1688 silly ADD node_modules/mz
1689 silly ADD node_modules/lines-and-columns
1690 silly ADD node_modules/commander
1691 silly ADD node_modules/@jridgewell/gen-mapping
1692 silly ADD node_modules/queue-microtask
1693 silly ADD node_modules/function-bind
1694 silly ADD node_modules/hasown
1695 silly ADD node_modules/supports-preserve-symlinks-flag
1696 silly ADD node_modules/path-parse
1697 silly ADD node_modules/is-core-module
1698 silly ADD node_modules/es-errors
1699 silly ADD node_modules/pify
1700 silly ADD node_modules/util-deprecate
1701 silly ADD node_modules/cssesc
1702 silly ADD node_modules/camelcase-css
1703 silly ADD node_modules/read-cache
1704 silly ADD node_modules/is-extglob
1705 silly ADD node_modules/binary-extensions
1706 silly ADD node_modules/to-regex-range
1707 silly ADD node_modules/reusify
1708 silly ADD node_modules/run-parallel
1709 silly ADD node_modules/fastq
1710 silly ADD node_modules/@nodelib/fs.scandir
1711 silly ADD node_modules/merge2
1712 silly ADD node_modules/@nodelib/fs.walk
1713 silly ADD node_modules/@nodelib/fs.stat
1714 silly ADD node_modules/fill-range
1715 silly ADD node_modules/picomatch
1716 silly ADD node_modules/readdirp
1717 silly ADD node_modules/is-binary-path
1718 silly ADD
1719 silly ADD node_modules/braces
1720 silly ADD node_modules/anymatch
1721 silly ADD node_modules/sucrase
1722 silly ADD node_modules/resolve
1723 silly ADD node_modules/postcss-selector-parser
1724 silly ADD node_modules/postcss-nested
1725 silly ADD node_modules/postcss-load-config
1726 silly ADD node_modules/postcss-js
1727 silly ADD node_modules/postcss-import
1728 silly ADD node_modules/object-hash
1729 silly ADD node_modules/normalize-path
1730 silly ADD node_modules/micromatch
1731 silly ADD node_modules/lilconfig
1732 silly ADD node_modules/jiti
1733 silly ADD node_modules/is-glob
1734 silly ADD node_modules/glob-parent
1735 silly ADD node_modules/fast-glob
1736 silly ADD node_modules/fast-glob/node_modules/glob-parent
1737 silly ADD node_modules/dlv
1738 silly ADD node_modules/didyoumean
1739 silly ADD node_modules/chokidar
1740 silly ADD node_modules/chokidar/node_modules/glob-parent
1741 silly ADD node_modules/arg
1742 silly ADD node_modules/@alloc/quick-lru
1743 silly ADD node_modules/client-only
1744 silly ADD
1745 silly ADD node_modules/semver
1746 silly ADD node_modules/detect-libc
1747 silly ADD
1748 silly ADD
1749 silly ADD
1750 silly ADD
1751 silly ADD
1752 silly ADD
1753 silly ADD
1754 silly ADD
1755 silly ADD
1756 silly ADD
1757 silly ADD
1758 silly ADD
1759 silly ADD
1760 silly ADD
1761 silly ADD
1762 silly ADD
1763 silly ADD
1764 silly ADD
1765 silly ADD
1766 silly ADD
1767 silly ADD
1768 silly ADD node_modules/@img/sharp-libvips-darwin-arm64
1769 silly ADD
1770 silly ADD node_modules/@img/sharp-darwin-arm64
1771 silly ADD node_modules/@img/colour
1772 silly ADD node_modules/scheduler
1773 silly ADD node_modules/performance-now
1774 silly ADD node_modules/yargs
1775 silly ADD node_modules/pngjs
1776 silly ADD node_modules/dijkstrajs
1777 silly ADD node_modules/source-map-js
1778 silly ADD node_modules/nanoid
1779 silly ADD node_modules/styled-jsx
1780 silly ADD node_modules/sharp
1781 silly ADD node_modules/@swc/helpers
1782 silly ADD
1783 silly ADD
1784 silly ADD
1785 silly ADD
1786 silly ADD
1787 silly ADD
1788 silly ADD
1789 silly ADD node_modules/@next/swc-darwin-arm64
1790 silly ADD node_modules/@next/env
1791 silly ADD node_modules/utrie
1792 silly ADD node_modules/text-segmentation
1793 silly ADD node_modules/css-line-break
1794 silly ADD node_modules/pako
1795 silly ADD node_modules/iobuffer
1796 silly ADD node_modules/@types/pako
1797 silly ADD node_modules/@types/trusted-types
1798 silly ADD node_modules/svg-pathdata
1799 silly ADD node_modules/stackblur-canvas
1800 silly ADD node_modules/rgbcolor
1801 silly ADD node_modules/regenerator-runtime
1802 silly ADD node_modules/raf
1803 silly ADD node_modules/@types/raf
1804 silly ADD node_modules/html2canvas
1805 silly ADD node_modules/fflate
1806 silly ADD node_modules/fast-png
1807 silly ADD node_modules/dompurify
1808 silly ADD node_modules/core-js
1809 silly ADD node_modules/canvg
1810 silly ADD node_modules/@babel/runtime
1811 silly ADD node_modules/tslib
1812 silly ADD node_modules/motion-utils
1813 silly ADD node_modules/motion-dom
1814 silly ADD node_modules/update-browserslist-db
1815 silly ADD node_modules/node-releases
1816 silly ADD node_modules/electron-to-chromium
1817 silly ADD node_modules/baseline-browser-mapping
1818 silly ADD node_modules/postcss-value-parser
1819 silly ADD node_modules/picocolors
1820 silly ADD node_modules/fraction.js
1821 silly ADD node_modules/caniuse-lite
1822 silly ADD node_modules/browserslist
1823 silly ADD node_modules/csstype
1824 silly ADD node_modules/undici-types
1825 silly ADD node_modules/typescript
1826 silly ADD node_modules/tailwindcss
1827 silly ADD node_modules/qrcode
1828 silly ADD node_modules/react-dom
1829 silly ADD node_modules/next
1830 silly ADD node_modules/next/node_modules/postcss
1831 silly ADD node_modules/react
1832 silly ADD node_modules/lucide-react
1833 silly ADD node_modules/jspdf
1834 silly ADD node_modules/html-to-image
1835 silly ADD node_modules/framer-motion
1836 silly ADD node_modules/postcss
1837 silly ADD node_modules/autoprefixer
1838 silly ADD node_modules/@types/react-dom
1839 silly ADD node_modules/@types/react
1840 silly ADD node_modules/@types/node
1841 verbose cwd /Users/theonesysetem/StudioProjects/invitation
1842 verbose os Darwin 25.5.0
1843 verbose node v23.11.0
1844 verbose npm  v10.9.2
1845 notice
1845 notice New [31mmajor[39m version of npm available! [31m10.9.2[39m -> [34m12.0.1[39m
1845 notice Changelog: [34mhttps://github.com/npm/cli/releases/tag/v12.0.1[39m
1845 notice To update run: [4mnpm install -g npm@12.0.1[24m
1845 notice  { force: true, [Symbol(proc-log.meta)]: true }
1846 verbose exit 0
1847 info ok
